Time,RSRP,RSRQ,RSSI,SINR Rx[0],SINR Rx[1],Cycles,Test KPI type,Test KPI best,Test KPI worst,Test KPI avg,Intermediate KPI
2018-01-03 00:44:23.855,-103.2,-0.4,-104.4,15.6,10.2,2/0,RTT,79,79,79,0
2018-01-03 00:44:24.150,-103.3,-2.8,-99.6,14,9.1,2/0,RTT,79,79,79,0
2018-01-03 00:44:24.865,-103.3,-2.9,-100.7,12.6,8.2,2/0,RTT,79,79,79,0
2018-01-03 00:44:24.920,-103.3,-2.9,-100.7,12.6,8.2,2/0,RTT,79,79,79,91
2018-01-03 00:44:25.175,-103.3,-2.7,-102.2,13.7,9.1,2/0,RTT,79,79,79,91
2018-01-03 00:44:25.775,-103.3,-5.6,-87.3,13.6,8.7,2/0,RTT,79,79,79,91
2018-01-03 00:44:25.930,-103.3,-5.6,-87.3,13.6,8.7,2/0,RTT,79,79,79,90
2018-01-03 00:44:26.410,-103.4,-5.4,-79.9,13.4,8.7,2/0,RTT,79,79,79,90
2018-01-03 00:44:26.930,-103.4,-5.4,-79.9,13.4,8.7,2/0,RTT,79,79,79,89
2018-01-03 00:44:27.110,-103.3,-3.2,-100,13.9,9,2/0,RTT,79,79,79,89
2018-01-03 00:44:27.705,-103.1,-2,-100.1,14.2,8.9,2/0,RTT,79,79,79,89
2018-01-03 00:44:27.940,-103.1,-2,-100.1,14.2,8.9,2/0,RTT,79,79,79,88
2018-01-03 00:44:28.160,-103.2,-2,-100.1,14.4,9.5,2/0,RTT,79,79,79,88
2018-01-03 00:44:28.785,-103,-1.8,-100.3,15,9.9,2/0,RTT,79,79,79,88
2018-01-03 00:44:28.925,-103,-1.8,-100.3,15,9.9,2/0,RTT,79,79,79,86
2018-01-03 00:44:29.270,-103.1,-2.4,-99.2,13.5,9,2/0,RTT,79,79,79,86
2018-01-03 00:44:29.750,-103.1,-1.1,-103.2,14.7,9.8,2/0,RTT,79,79,79,86
2018-01-03 00:44:30.265,-103.1,-2.6,-98.9,14.4,9.4,2/0,RTT,79,79,79,86
2018-01-03 00:44:30.785,-103.1,-4.3,-97.2,13.5,8.9,2/0,RTT,79,79,79,86
2018-01-03 00:44:30.920,-103.1,-4.3,-97.2,13.5,8.9,2/0,RTT,79,79,79,83
2018-01-03 00:44:31.185,-103.1,-3.2,-98.9,14,8.9,2/0,RTT,79,79,79,83
2018-01-03 00:44:31.960,-103.1,-3.2,-98.9,14,8.9,2/0,RTT,79,79,79,101
2018-01-03 00:44:32.0,-103.1,-2.1,-100.1,13.3,9.2,2/0,RTT,79,79,79,101
2018-01-03 00:44:32.215,-103.1,-0.9,-103.6,14.3,9.9,2/0,RTT,79,79,79,101
2018-01-03 00:44:32.930,-103.1,-0.9,-103.6,14.3,9.9,2/0,RTT,79,79,79,80
2018-01-03 00:44:32.990,-102.5,-2.7,-97.7,13.1,8.4,2/0,RTT,79,79,79,80
2018-01-03 00:44:33.420,-101.9,-5.4,-80.7,12.8,8.7,2/0,RTT,79,79,79,80
2018-01-03 00:44:33.910,-101.9,-5.4,-80.7,12.8,8.7,2/0,RTT,79,79,79,39
2018-01-03 00:44:33.910,-101.9,-5.4,-80.7,12.8,8.7,2/0,RTT,79,83,81,0
2018-01-03 00:44:33.925,-101.9,-5.4,-80.7,12.8,8.7,3/0,RTT,79,83,81,0
2018-01-03 00:44:33.975,-103.3,-23,-81.9,10.7,11.4,3/0,RTT,79,83,81,0
2018-01-03 00:44:34.560,-103.8,-6.8,-89.1,10.6,11.2,3/0,RTT,79,83,81,0
2018-01-03 00:44:34.910,-103.8,-6.8,-89.1,10.6,11.2,3/0,RTT,79,83,81,77
2018-01-03 00:44:35.130,-107.1,-3.3,-105.9,7.8,11.7,3/0,RTT,79,83,81,77
2018-01-03 00:44:35.705,-101.3,-2.3,-93,14.9,7,3/0,RTT,79,83,81,77
2018-01-03 00:44:35.940,-101.3,-2.3,-93,14.9,7,3/0,RTT,79,83,81,76
2018-01-03 00:44:36.305,-101.6,-2,-95.8,12.9,4.4,3/0,RTT,79,83,81,76
2018-01-03 00:44:36.935,-101.6,-2,-95.8,12.9,4.4,3/0,RTT,79,83,81,95
2018-01-03 00:44:37.55,-105.9,-5.5,-99.5,10.6,1.8,3/0,RTT,79,83,81,95
2018-01-03 00:44:37.585,-106.5,-16.6,-98,7.5,4.9,3/0,RTT,79,83,81,95
2018-01-03 00:44:37.885,-106.5,-16.6,-98,7.5,4.9,3/0,RTT,79,83,81,53
2018-01-03 00:44:38.60,-104.4,-4.9,-97.7,9.1,5.5,3/0,RTT,79,83,81,53
2018-01-03 00:44:38.610,-107.3,-9.9,-107.8,8.1,8.6,3/0,RTT,79,83,81,53
2018-01-03 00:44:38.920,-107.3,-9.9,-107.8,8.1,8.6,3/0,RTT,79,83,81,92
2018-01-03 00:44:39.185,-106.4,-5.5,-106.9,8.2,8.4,3/0,RTT,79,83,81,92
2018-01-03 00:44:39.690,-105,-5.4,-102.9,9.5,9.3,3/0,RTT,79,83,81,92
2018-01-03 00:44:39.880,-105,-5.4,-102.9,9.5,9.3,3/0,RTT,79,83,81,51
2018-01-03 00:44:40.200,-107.4,-7.8,-108.5,7.8,6.4,3/0,RTT,79,83,81,51
2018-01-03 00:44:40.805,-105,-4.5,-100.9,9.5,7.9,3/0,RTT,79,83,81,51
2018-01-03 00:44:40.925,-105,-4.5,-100.9,9.5,7.9,3/0,RTT,79,83,81,91
2018-01-03 00:44:41.105,-104.8,-14.8,-83.1,11.9,9.2,3/0,RTT,79,83,81,91
2018-01-03 00:44:41.780,-102.6,-8.1,-81.9,13.6,4.4,3/0,RTT,79,83,81,91
2018-01-03 00:44:42.65,-102.6,-8.1,-81.9,13.6,4.4,3/0,RTT,79,83,81,229
2018-01-03 00:44:42.380,-107.4,-4.6,-106.6,9.5,10.8,3/0,RTT,79,83,81,229
2018-01-03 00:44:42.920,-107.4,-4.6,-106.6,9.5,10.8,3/0,RTT,79,83,81,89
2018-01-03 00:44:43.60,-105.5,-4.2,-104.8,10.3,11.3,3/0,RTT,79,83,81,89
2018-01-03 00:44:43.560,-105.8,-5.9,-100.8,10.3,7.9,3/0,RTT,79,83,81,89
2018-01-03 00:44:43.925,-105.8,-5.9,-100.8,10.3,7.9,3/0,RTT,79,83,81,88
2018-01-03 00:44:43.935,-105.8,-5.9,-100.8,10.3,7.9,3/0,RTT,79,94,85,0
2018-01-03 00:44:43.990,-105.8,-5.9,-100.8,10.3,7.9,4/0,RTT,79,94,85,0
2018-01-03 00:44:44.110,-105.1,-3.4,-105.2,9.3,10.4,4/0,RTT,79,94,85,0
2018-01-03 00:44:44.730,-103.7,-2.5,-102.5,9.5,11.7,4/0,RTT,79,94,85,0
2018-01-03 00:44:44.995,-103.7,-2.5,-102.5,9.5,11.7,4/0,RTT,79,94,85,98
2018-01-03 00:44:45.245,-106.5,-7.7,-87.8,10.7,8.3,4/0,RTT,79,94,85,98
2018-01-03 00:44:45.740,-104.5,-3.8,-96.8,11.3,10.6,4/0,RTT,79,94,85,98
2018-01-03 00:44:46.5,-104.5,-3.8,-96.8,11.3,10.6,4/0,RTT,79,94,85,89
2018-01-03 00:44:46.280,-105.6,-6.8,-100.3,9,11.7,4/0,RTT,79,94,85,89
2018-01-03 00:44:46.730,-103.5,-3.1,-101,12.9,10,4/0,RTT,79,94,85,89
2018-01-03 00:44:47.5,-103.5,-3.1,-101,12.9,10,4/0,RTT,79,94,85,106
2018-01-03 00:44:47.195,-106.7,-6.4,-108.3,11,8.1,4/0,RTT,79,94,85,106
2018-01-03 00:44:47.870,-106.4,-4.8,-107.7,12,6.1,4/0,RTT,79,94,85,106
2018-01-03 00:44:47.990,-106.4,-4.8,-107.7,12,6.1,4/0,RTT,79,94,85,85
2018-01-03 00:44:48.185,-104.5,-1.1,-107.5,12.8,5,4/0,RTT,79,94,85,85
2018-01-03 00:44:48.790,-104.3,-4.4,-101.7,12.6,5.8,4/0,RTT,79,94,85,85
2018-01-03 00:44:48.980,-104.3,-4.4,-101.7,12.6,5.8,4/0,RTT,79,94,85,84
2018-01-03 00:44:49.420,-103.1,-6.2,-79.7,14.6,5.3,4/0,RTT,79,94,85,84
2018-01-03 00:44:49.825,-103.2,-7.9,-84.6,14.3,4.2,4/0,RTT,79,94,85,84
2018-01-03 00:44:49.985,-103.2,-7.9,-84.6,14.3,4.2,4/0,RTT,79,94,85,83
2018-01-03 00:44:50.385,-104.4,-5,-102.3,12.7,5.4,4/0,RTT,79,94,85,83
2018-01-03 00:44:50.995,-104.4,-5,-102.3,12.7,5.4,4/0,RTT,79,94,85,82
2018-01-03 00:44:51.20,-103.6,-1.1,-105,14.5,4.6,4/0,RTT,79,94,85,82
2018-01-03 00:44:51.350,-103.6,-1.6,-101.4,13.9,4.1,4/0,RTT,79,94,85,82
2018-01-03 00:44:52.5,-103.6,-1.6,-101.4,13.9,4.1,4/0,RTT,79,94,85,81
2018-01-03 00:44:52.75,-103,-3.7,-98,13.4,3.8,4/0,RTT,79,94,85,81
2018-01-03 00:44:52.320,-103.1,-4.2,-99.8,13.8,3.8,4/0,RTT,79,94,85,81
2018-01-03 00:44:52.980,-103.1,-4.2,-99.8,13.8,3.8,4/0,RTT,79,94,85,80
2018-01-03 00:44:53.125,-103.2,-1.4,-102.9,13.5,4.5,4/0,RTT,79,94,85,80
2018-01-03 00:44:53.585,-102.8,-7.1,-85.6,14,4.1,4/0,RTT,79,94,85,80
2018-01-03 00:44:53.995,-102.8,-7.1,-85.6,14,4.1,4/0,RTT,79,94,85,58
2018-01-03 00:44:54.120,-102.8,-7.1,-85.6,14,4.1,4/0,RTT,79,94,85,0
2018-01-03 00:44:54.120,-102.5,-4,-92.2,14.1,3.8,4/0,RTT,79,94,85,0
2018-01-03 00:44:54.125,-102.5,-4,-92.2,14.1,3.8,5/0,RTT,79,94,85,0
2018-01-03 00:44:54.570,-102.7,-4.7,-95.1,14.3,3.9,5/0,RTT,79,94,85,0
2018-01-03 00:44:54.865,-102.7,-2.1,-100.3,14.3,3.4,5/0,RTT,79,94,85,0
2018-01-03 00:44:55.200,-102.7,-2.1,-100.3,14.3,3.4,5/0,RTT,79,94,85,89
2018-01-03 00:44:55.585,-103,-1.7,-98.7,14.6,3.4,5/0,RTT,79,94,85,89
2018-01-03 00:44:55.990,-104.3,-2.3,-106.7,13.7,8.2,5/0,RTT,79,94,85,89
2018-01-03 00:44:56.210,-104.3,-2.3,-106.7,13.7,8.2,5/0,RTT,79,94,85,92
2018-01-03 00:44:56.545,-103,-4.5,-91.4,12.8,6.1,5/0,RTT,79,94,85,92
2018-01-03 00:44:57.180,-103,-4.5,-91.4,12.8,6.1,5/0,RTT,79,94,85,72
2018-01-03 00:44:57.275,-103.1,-10.4,-82.7,13.5,7.5,5/0,RTT,79,94,85,72
2018-01-03 00:44:57.775,-104.2,-12.3,-87,11.9,6.5,5/0,RTT,79,94,85,72
2018-01-03 00:44:58.220,-104.2,-12.3,-87,11.9,6.5,5/0,RTT,79,94,85,90
2018-01-03 00:44:58.305,-104.1,-2.4,-105.5,13.2,7.7,5/0,RTT,79,94,85,90
2018-01-03 00:44:58.805,-104.5,-3.7,-104.1,12.5,8.2,5/0,RTT,79,94,85,90
2018-01-03 00:44:59.185,-104.5,-3.7,-104.1,12.5,8.2,5/0,RTT,79,94,85,89
2018-01-03 00:44:59.280,-108.3,-7.4,-103.5,10.2,8.1,5/0,RTT,79,94,85,89
2018-01-03 00:44:59.830,-107.1,-1.9,-109.5,11.4,9.5,5/0,RTT,79,94,85,89
2018-01-03 00:45:00.185,-107.1,-1.9,-109.5,11.4,9.5,5/0,RTT,79,94,85,95
2018-01-03 00:45:00.390,-106,-2.4,-105.5,12.3,9.3,5/0,RTT,79,94,85,95
2018-01-03 00:45:00.855,-106.1,-2.8,-107.5,12.7,9.4,5/0,RTT,79,94,85,95
2018-01-03 00:45:01.245,-106.1,-2.8,-107.5,12.7,9.4,5/0,RTT,79,94,85,87
2018-01-03 00:45:01.715,-106.2,-2.7,-110,12.1,7.7,5/0,RTT,79,94,85,87
2018-01-03 00:45:01.920,-106,-4.5,-109.8,12.1,8.7,5/0,RTT,79,94,85,87
2018-01-03 00:45:02.185,-106,-4.5,-109.8,12.1,8.7,5/0,RTT,79,94,85,85
2018-01-03 00:45:03.50,-106,-2.9,-103.5,11.8,8,5/0,RTT,79,94,85,85
2018-01-03 00:45:03.215,-106,-2.9,-103.5,11.8,8,5/0,RTT,79,94,85,84
2018-01-03 00:45:03.570,-106,-3.8,-108.5,10.7,7.6,5/0,RTT,79,94,85,84
2018-01-03 00:45:03.985,-105.9,-10.3,-97.9,11,7.5,5/0,RTT,79,94,85,84
2018-01-03 00:45:04.190,-105.9,-10.3,-97.9,11,7.5,5/0,RTT,79,94,85,81
2018-01-03 00:45:04.225,-105.9,-10.3,-97.9,11,7.5,5/0,RTT,79,94,86,0
2018-01-03 00:45:04.240,-105.9,-10.3,-97.9,11,7.5,6/0,RTT,79,94,86,0
2018-01-03 00:45:04.470,-106,-4.8,-106.2,11.7,7.6,6/0,RTT,79,94,86,0
2018-01-03 00:45:05.160,-106,-4.8,-106.2,11.7,7.6,6/0,RTT,79,94,86,51
2018-01-03 00:45:05.270,-106.5,-6.7,-104.6,8.1,1.8,6/0,RTT,79,94,86,51
2018-01-03 00:45:05.815,-103.5,-3.6,-98.1,12,2.4,6/0,RTT,79,94,86,51
2018-01-03 00:45:06.225,-103.7,-3.4,-99.9,12.4,3,6/0,RTT,79,94,86,51
2018-01-03 00:45:06.390,-103.7,-3.4,-99.9,12.4,3,6/0,RTT,79,94,86,283
2018-01-03 00:45:06.705,-102.7,-1.8,-100.7,14.2,4.1,6/0,RTT,79,94,86,283
2018-01-03 00:45:07.160,-102.7,-1.8,-100.7,14.2,4.1,6/0,RTT,79,94,86,49
2018-01-03 00:45:07.370,-102.4,-1.7,-99.3,14.9,5.2,6/0,RTT,79,94,86,49
2018-01-03 00:45:07.855,-102.3,-2.7,-95.4,14.4,5.2,6/0,RTT,79,94,86,49
2018-01-03 00:45:08.225,-102.3,-2.7,-95.4,14.4,5.2,6/0,RTT,79,94,86,88
2018-01-03 00:45:08.350,-102.4,-2.1,-95.2,12.8,4.1,6/0,RTT,79,94,86,88
2018-01-03 00:45:08.870,-102.4,-3.7,-95.8,13.9,4.6,6/0,RTT,79,94,86,88
2018-01-03 00:45:09.210,-102.4,-3.7,-95.8,13.9,4.6,6/0,RTT,79,94,86,87
2018-01-03 00:45:09.540,-102.4,-3.9,-95.4,14.8,5,6/0,RTT,79,94,86,87
2018-01-03 00:45:10.15,-102.5,-5.1,-92.1,15,5.4,6/0,RTT,79,94,86,87
2018-01-03 00:45:10.215,-102.5,-5.1,-92.1,15,5.4,6/0,RTT,79,94,86,86
2018-01-03 00:45:10.475,-102.9,-3.4,-96.4,14,3.6,6/0,RTT,79,94,86,86
2018-01-03 00:45:11.105,-106,-8.1,-103.9,11,5,6/0,RTT,79,94,86,86
2018-01-03 00:45:11.225,-106,-8.1,-103.9,11,5,6/0,RTT,79,94,86,85
2018-01-03 00:45:11.545,-107,-4.7,-109,11.4,6.6,6/0,RTT,79,94,86,85
2018-01-03 00:45:12.260,-107,-4.7,-109,11.4,6.6,6/0,RTT,79,94,86,84
2018-01-03 00:45:12.350,-108,-17.2,-98.4,10.8,6.7,6/0,RTT,79,94,86,84
2018-01-03 00:45:12.795,-108.4,-27.3,-96.7,9.1,5.9,6/0,RTT,79,94,86,84
2018-01-03 00:45:13.165,-108.4,-27.3,-96.7,9.1,5.9,6/0,RTT,79,94,86,43
2018-01-03 00:45:13.340,-108.5,-25.6,-98.4,8.9,6.1,6/0,RTT,79,94,86,43
2018-01-03 00:45:13.860,-108.7,-8.6,-101.5,9.7,6.7,6/0,RTT,79,94,86,43
2018-01-03 00:45:14.255,-108.7,-8.6,-101.5,9.7,6.7,6/0,RTT,79,94,86,82
2018-01-03 00:45:14.270,-108.7,-8.6,-101.5,9.7,6.7,6/0,RTT,79,94,87,0
2018-01-03 00:45:14.350,-108.7,-8.6,-101.5,9.7,6.7,7/0,RTT,79,94,87,0
2018-01-03 00:45:14.780,-108.5,-8.3,-104,9.6,6.6,7/0,RTT,79,94,87,0
2018-01-03 00:45:15.400,-108.5,-8.3,-104,9.6,6.6,7/0,RTT,79,94,87,96
2018-01-03 00:45:15.585,-108.8,-10.2,-101.8,9.7,6.8,7/0,RTT,79,94,87,96
2018-01-03 00:45:16.95,-108.8,-8.3,-109.5,9.2,6.8,7/0,RTT,79,94,87,96
2018-01-03 00:45:16.335,-108.8,-8.3,-109.5,9.2,6.8,7/0,RTT,79,94,87,35
2018-01-03 00:45:16.540,-108.9,-10.1,-108,8.6,6.5,7/0,RTT,79,94,87,35
2018-01-03 00:45:17.430,-108.9,-10.1,-108,8.6,6.5,7/0,RTT,79,94,87,94
2018-01-03 00:45:18.90,-108.9,-8.5,-108,8.3,6.8,7/0,RTT,79,94,87,94
2018-01-03 00:45:18.415,-108.9,-8.5,-108,8.3,6.8,7/0,RTT,79,94,87,93
2018-01-03 00:45:18.655,-109.1,-17.3,-108.8,7.7,6.3,7/0,RTT,79,94,87,93
2018-01-03 00:45:19.400,-109.1,-17.3,-108.8,7.7,6.3,7/0,RTT,79,94,87,91
2018-01-03 00:45:19.440,-109.1,-10.1,-109.5,8.6,6.6,7/0,RTT,79,94,87,91
2018-01-03 00:45:19.820,-109.2,-13.4,-108.2,8.3,6.4,7/0,RTT,79,94,87,91
2018-01-03 00:45:20.380,-109.2,-13.4,-108.2,8.3,6.4,7/0,RTT,79,94,87,49
2018-01-03 00:45:20.580,-109.2,-6.9,-107.5,8.1,6.7,7/0,RTT,79,94,87,49
2018-01-03 00:45:21.405,-109.2,-6.9,-107.5,8.1,6.7,7/0,RTT,79,94,87,88
2018-01-03 00:45:22.255,-109.2,-8.4,-108,8.1,6.8,7/0,RTT,79,94,87,88
2018-01-03 00:45:22.720,-109.3,-9.9,-104,7.8,6.5,7/0,RTT,79,94,87,88
2018-01-03 00:45:23.185,-109.2,-10.9,-108,7.7,6.8,7/0,RTT,79,94,87,88
2018-01-03 00:45:23.410,-109.2,-10.9,-108,7.7,6.8,7/0,RTT,79,94,87,87
2018-01-03 00:45:23.690,-109.2,-14.9,-108.8,7.8,6.8,7/0,RTT,79,94,87,87
2018-01-03 00:45:24.330,-109.1,-8.8,-110,8.3,7.3,7/0,RTT,79,94,87,87
2018-01-03 00:45:24.400,-109.1,-8.8,-110,8.3,7.3,7/0,RTT,79,94,87,46
2018-01-03 00:45:24.430,-109.1,-8.8,-110,8.3,7.3,7/0,RTT,77,94,86,0
2018-01-03 00:45:24.515,-109.1,-8.8,-110,8.3,7.3,8/0,RTT,77,94,86,0
2018-01-03 00:45:24.640,-109.2,-9.4,-106.5,7.9,6.6,8/0,RTT,77,94,86,0
2018-01-03 00:45:25.405,-109.2,-9.4,-106.5,7.9,6.6,8/0,RTT,77,94,86,86
2018-01-03 00:45:25.455,-109.2,-9.1,-107.8,8,6.8,8/0,RTT,77,94,86,86
2018-01-03 00:45:26.360,-109.3,-9.5,-107.2,7.9,7,8/0,RTT,77,94,86,86
2018-01-03 00:45:26.365,-109.3,-9.5,-107.2,7.9,7,8/0,RTT,77,94,86,45
2018-01-03 00:45:26.865,-109.3,-19.2,-107.2,8.3,7,8/0,RTT,77,94,86,45
2018-01-03 00:45:27.215,-109.2,-11.2,-107.2,8.2,7.7,8/0,RTT,77,94,86,45
2018-01-03 00:45:27.400,-109.2,-11.2,-107.2,8.2,7.7,8/0,RTT,77,94,86,84
2018-01-03 00:45:27.855,-109.1,-12.4,-101.8,8,7.6,8/0,RTT,77,94,86,84
2018-01-03 00:45:28.160,-109.1,-8,-103.2,8.1,7.7,8/0,RTT,77,94,86,84
2018-01-03 00:45:28.435,-109.1,-8,-103.2,8.1,7.7,8/0,RTT,77,94,86,82
2018-01-03 00:45:28.805,-109.3,-9.2,-99,7.7,7.1,8/0,RTT,77,94,86,82
2018-01-03 00:45:29.595,-109.5,-11.2,-101.8,7.6,6.8,8/0,RTT,77,94,86,82
2018-01-03 00:45:30.300,-109.4,-16.7,-107.8,7.8,7.3,8/0,RTT,77,94,86,82
2018-01-03 00:45:30.410,-109.4,-16.7,-107.8,7.8,7.3,8/0,RTT,77,94,86,80
2018-01-03 00:45:30.735,-109.2,-8.7,-101.7,7.8,7.2,8/0,RTT,77,94,86,80
2018-01-03 00:45:31.270,-109.1,-9,-109.5,8.6,7.9,8/0,RTT,77,94,86,80
2018-01-03 00:45:31.725,-109.1,-14.5,-108.9,8.4,7.5,8/0,RTT,77,94,86,80
2018-01-03 00:45:32.335,-109.2,-8.1,-107.8,8.4,7.6,8/0,RTT,77,94,86,80
2018-01-03 00:45:32.440,-109.2,-8.1,-107.8,8.4,7.6,8/0,RTT,77,94,86,98
2018-01-03 00:45:32.695,-109.3,-18.2,-110,7.9,7.2,8/0,RTT,77,94,86,98
2018-01-03 00:45:33.400,-109.3,-18.2,-110,7.9,7.2,8/0,RTT,77,94,86,77
2018-01-03 00:45:33.435,-109.4,-12.9,-108,8,7.4,8/0,RTT,77,94,86,77
2018-01-03 00:45:33.925,-109.3,-18.5,-107,8.3,7.9,8/0,RTT,77,94,86,77
2018-01-03 00:45:34.410,-109.3,-18.5,-107,8.3,7.9,8/0,RTT,77,94,86,76
2018-01-03 00:45:34.465,-109.3,-7.4,-106,7.9,7.6,8/0,RTT,77,94,86,76
2018-01-03 00:45:34.525,-109.3,-7.4,-106,7.9,7.6,8/0,RTT,77,94,85,0
2018-01-03 00:45:34.540,-109.3,-7.4,-106,7.9,7.6,9/0,RTT,77,94,85,0
2018-01-03 00:45:35.540,-109.3,-7.4,-106,7.9,7.6,9/0,RTT,77,94,85,67
2018-01-03 00:45:35.770,-109.4,-8.3,-108.8,8.2,7.7,9/0,RTT,77,94,85,67
2018-01-03 00:45:36.525,-109.4,-8.3,-108.8,8.2,7.7,9/0,RTT,77,94,85,46
2018-01-03 00:45:36.720,-109.4,-12.3,-108.5,8.2,7.8,9/0,RTT,77,94,85,46
2018-01-03 00:45:37.280,-109.3,-13.6,-108,8.2,7.7,9/0,RTT,77,94,85,46
2018-01-03 00:45:37.570,-109.3,-13.6,-108,8.2,7.7,9/0,RTT,77,94,85,85
2018-01-03 00:45:37.695,-109.3,-8.8,-108.8,8.2,8,9/0,RTT,77,94,85,85
2018-01-03 00:45:38.330,-109.2,-7.2,-108.5,8.3,7.5,9/0,RTT,77,94,85,85
2018-01-03 00:45:38.565,-109.2,-7.2,-108.5,8.3,7.5,9/0,RTT,77,94,85,83
2018-01-03 00:45:38.795,-107.8,-12,-108.2,9.5,4.4,9/0,RTT,77,94,85,83
2018-01-03 00:45:39.870,-107.8,-12,-108.2,9.5,4.4,9/0,RTT,77,94,85,102
2018-01-03 00:45:40.525,-107.8,-12,-108.2,9.5,4.4,9/0,RTT,77,94,85,51
2018-01-03 00:45:41.530,-107.8,-12,-108.2,9.5,4.4,9/0,RTT,77,94,85,55
2018-01-03 00:45:42.585,-107.8,-12,-108.2,9.5,4.4,9/0,RTT,77,94,85,102
2018-01-03 00:45:42.690,-110.6,-7.5,-98.2,7.8,6,9/0,RTT,77,94,85,102
2018-01-03 00:45:43.220,-109.6,-9.5,-101.8,9.9,9.7,9/0,RTT,77,94,85,102
2018-01-03 00:45:43.615,-109.6,-9.5,-101.8,9.9,9.7,9/0,RTT,77,94,85,53
2018-01-03 00:45:43.670,-108.2,-9.4,-97.9,10.3,10.8,9/0,RTT,77,94,85,53
2018-01-03 00:45:44.175,-108.6,-5.9,-101.2,10.9,9.6,9/0,RTT,77,94,85,53
2018-01-03 00:45:44.620,-108.6,-5.9,-101.2,10.9,9.6,9/0,RTT,77,94,85,97
2018-01-03 00:45:44.650,-108.6,-5.9,-101.2,10.9,9.6,9/0,RTT,74,94,84,0
2018-01-03 00:45:44.850,-108.6,-5.9,-101.2,10.9,9.6,10/0,RTT,74,94,84,0
2018-01-03 00:45:45.780,-108.6,-5.9,-101.2,10.9,9.6,10/0,RTT,74,94,84,71
2018-01-03 00:45:46.755,-108.6,-5.9,-101.2,10.9,9.6,10/0,RTT,74,94,84,36
2018-01-03 00:45:47.820,-108.6,-5.9,-101.2,10.9,9.6,10/0,RTT,74,94,84,90
2018-01-03 00:45:47.960,-108.2,-4.8,-108.5,10.5,9.6,10/0,RTT,74,94,84,90
2018-01-03 00:45:48.485,-108.8,-10.1,-108.5,7.6,9.2,10/0,RTT,74,94,84,90
2018-01-03 00:45:48.755,-108.8,-10.1,-108.5,7.6,9.2,10/0,RTT,74,94,84,48
2018-01-03 00:45:49.810,-108.8,-10.1,-108.5,7.6,9.2,10/0,RTT,74,94,84,95
2018-01-03 00:45:50.350,-108.5,-5.8,-100.8,8.6,9.7,10/0,RTT,74,94,84,95
2018-01-03 00:45:50.755,-108.5,-5.8,-100.8,8.6,9.7,10/0,RTT,74,94,84,45
2018-01-03 00:45:50.845,-103.2,-7.3,-88.9,12.4,9.4,10/0,RTT,74,94,84,45
2018-01-03 00:45:51.360,-106.1,-8.6,-94.9,9.4,8.8,10/0,RTT,74,94,84,45
2018-01-03 00:45:51.795,-106.1,-8.6,-94.9,9.4,8.8,10/0,RTT,74,94,84,84
2018-01-03 00:45:51.875,-106.9,-2.3,-108,8.6,15.4,10/0,RTT,74,94,84,84
2018-01-03 00:45:52.825,-106.9,-2.3,-108,8.6,15.4,10/0,RTT,74,94,84,98
2018-01-03 00:45:53.60,-107.6,-2.3,-99.7,5.7,13.1,10/0,RTT,74,94,84,98
2018-01-03 00:45:53.805,-107.6,-2.3,-99.7,5.7,13.1,10/0,RTT,74,94,84,57
2018-01-03 00:45:54.765,-107.6,-2.3,-99.7,5.7,13.1,10/0,RTT,74,94,84,40
2018-01-03 00:45:54.810,-107.6,-2.3,-99.7,5.7,13.1,10/0,RTT,66,94,82,0
2018-01-03 00:45:54.840,-107.6,-2.3,-99.7,5.7,13.1,11/0,RTT,66,94,82,0
2018-01-03 00:45:55.835,-107.6,-2.3,-99.7,5.7,13.1,11/0,RTT,66,94,82,94
2018-01-03 00:45:56.835,-107.6,-2.3,-99.7,5.7,13.1,11/0,RTT,66,94,82,90
2018-01-03 00:45:57.310,-108.9,-2.9,-102.8,6.3,11.7,11/0,RTT,66,94,82,90
2018-01-03 00:45:57.790,-102.6,-2.2,-95,14.7,5.5,11/0,RTT,66,94,82,90
2018-01-03 00:45:57.845,-102.6,-2.2,-95,14.7,5.5,11/0,RTT,66,94,82,92
2018-01-03 00:45:58.300,-103.1,-3.3,-84.5,12.9,7.6,11/0,RTT,66,94,82,92
2018-01-03 00:45:58.860,-103.5,-5.5,-81.8,12.1,7,11/0,RTT,66,94,82,92
2018-01-03 00:45:58.860,-103.5,-5.5,-81.8,12.1,7,11/0,RTT,66,94,82,119
2018-01-03 00:45:59.195,-103.8,-24.1,-79.5,11.6,7.6,11/0,RTT,66,94,82,119
2018-01-03 00:45:59.825,-103.8,-24.1,-79.5,11.6,7.6,11/0,RTT,66,94,82,87
2018-01-03 00:45:59.855,-103.4,-3.8,-99.3,12.2,7.9,11/0,RTT,66,94,82,87
2018-01-03 00:46:00.185,-103.4,-2.3,-102.9,12.7,8.5,11/0,RTT,66,94,82,87
2018-01-03 00:46:00.840,-103.4,-2.3,-102.9,12.7,8.5,11/0,RTT,66,94,82,97
2018-01-03 00:46:00.965,-104,-4.3,-102.8,12.1,9.8,11/0,RTT,66,94,82,97
2018-01-03 00:46:01.450,-105,-8.4,-99.5,10.6,6.6,11/0,RTT,66,94,82,97
2018-01-03 00:46:01.900,-105,-8.4,-99.5,10.6,6.6,11/0,RTT,66,94,82,56
2018-01-03 00:46:01.950,-101.7,-2.3,-94.5,14.8,9.1,11/0,RTT,66,94,82,56
2018-01-03 00:46:02.535,-102.2,-3.5,-91.1,13.9,9.1,11/0,RTT,66,94,82,56
2018-01-03 00:46:02.850,-102.2,-3.5,-91.1,13.9,9.1,11/0,RTT,66,94,82,94
2018-01-03 00:46:03.0,-102.8,-1.7,-99.9,14.1,7.6,11/0,RTT,66,94,82,94
2018-01-03 00:46:03.515,-108.2,-8.4,-107.6,8.4,6.2,11/0,RTT,66,94,82,94
2018-01-03 00:46:03.850,-108.2,-8.4,-107.6,8.4,6.2,11/0,RTT,66,94,82,93
2018-01-03 00:46:04.70,-101.9,-1.6,-95,13.7,7.1,11/0,RTT,66,94,82,93
2018-01-03 00:46:04.640,-104.7,-5.2,-100.9,13.1,3.6,11/0,RTT,66,94,82,93
2018-01-03 00:46:04.890,-104.7,-5.2,-100.9,13.1,3.6,11/0,RTT,66,94,82,92
2018-01-03 00:46:04.895,-104.7,-5.2,-100.9,13.1,3.6,11/0,RTT,66,94,83,0
2018-01-03 00:46:04.905,-104.7,-5.2,-100.9,13.1,3.6,12/0,RTT,66,94,83,0
2018-01-03 00:46:05.285,-102.4,-0.3,-97.7,14.2,3.8,12/0,RTT,66,94,83,0
2018-01-03 00:46:05.600,-106.3,-3.7,-99.5,10.6,8.5,12/0,RTT,66,94,83,0
2018-01-03 00:46:05.895,-106.3,-3.7,-99.5,10.6,8.5,12/0,RTT,66,94,83,86
2018-01-03 00:46:06.245,-107.8,-5.6,-103.6,10.1,8,12/0,RTT,66,94,83,86
2018-01-03 00:46:06.890,-110,-18.1,-104.1,7.1,9.1,12/0,RTT,66,94,83,86
2018-01-03 00:46:06.895,-110,-18.1,-104.1,7.1,9.1,12/0,RTT,66,94,83,85
2018-01-03 00:46:07.875,-109.7,-8.8,-102.2,8.1,9.5,12/0,RTT,66,94,83,85
2018-01-03 00:46:07.910,-109.7,-8.8,-102.2,8.1,9.5,12/0,RTT,66,94,83,83
2018-01-03 00:46:08.150,-108.5,-14.8,-100.8,8.9,9.2,12/0,RTT,66,94,83,83
2018-01-03 00:46:08.930,-108.5,-14.8,-100.8,8.9,9.2,12/0,RTT,66,94,83,102
2018-01-03 00:46:08.975,-104.9,-4.6,-103.9,12.1,7,12/0,RTT,66,94,83,102
2018-01-03 00:46:09.495,-103.2,-4.9,-96.4,13.5,4.4,12/0,RTT,66,94,83,102
2018-01-03 00:46:09.885,-103.2,-4.9,-96.4,13.5,4.4,12/0,RTT,66,94,83,80
2018-01-03 00:46:10.10,-102.8,-4.4,-96.1,14.1,2.6,12/0,RTT,66,94,83,80
2018-01-03 00:46:10.415,-103.1,-8,-90,14.1,4.2,12/0,RTT,66,94,83,80
2018-01-03 00:46:10.840,-103.1,-8,-90,14.1,4.2,12/0,RTT,66,94,83,39
2018-01-03 00:46:10.985,-103.4,-1.7,-102.7,13.6,3.1,12/0,RTT,66,94,83,39
2018-01-03 00:46:11.495,-103.8,-4,-101.9,12.7,4.4,12/0,RTT,66,94,83,39
2018-01-03 00:46:11.895,-103.8,-4,-101.9,12.7,4.4,12/0,RTT,66,94,83,79
2018-01-03 00:46:12.15,-105.2,-5.2,-101.6,11.4,7,12/0,RTT,66,94,83,79
2018-01-03 00:46:12.490,-106.9,-7.9,-99.3,10.5,9.9,12/0,RTT,66,94,83,79
2018-01-03 00:46:12.885,-106.9,-7.9,-99.3,10.5,9.9,12/0,RTT,66,94,83,77
2018-01-03 00:46:13.125,-107.8,-11.6,-107.6,9.8,10.4,12/0,RTT,66,94,83,77
2018-01-03 00:46:13.660,-104.4,-1.4,-106.1,13.4,5.5,12/0,RTT,66,94,83,77
2018-01-03 00:46:13.885,-104.4,-1.4,-106.1,13.4,5.5,12/0,RTT,66,94,83,76
2018-01-03 00:46:14.65,-104.3,-7.8,-84,13.5,3.3,12/0,RTT,66,94,83,76
2018-01-03 00:46:14.710,-104.4,-23.7,-85.5,12.2,2.8,12/0,RTT,66,94,83,76
2018-01-03 00:46:14.970,-104.4,-23.7,-85.5,12.2,2.8,12/0,RTT,66,94,83,94
2018-01-03 00:46:14.990,-104.4,-23.7,-85.5,12.2,2.8,12/0,RTT,66,94,82,0
2018-01-03 00:46:15.15,-104.4,-23.7,-85.5,12.2,2.8,13/0,RTT,66,94,82,0
2018-01-03 00:46:15.190,-104.1,-9.1,-87.7,12.7,4.2,13/0,RTT,66,94,82,0
2018-01-03 00:46:15.665,-108.5,-8.1,-109.2,8.9,4.4,13/0,RTT,66,94,82,0
2018-01-03 00:46:16.5,-108.5,-8.1,-109.2,8.9,4.4,13/0,RTT,66,94,82,82
2018-01-03 00:46:16.255,-108.2,-6.2,-110,9,4.4,13/0,RTT,66,94,82,82
2018-01-03 00:46:16.800,-105,-3,-106.9,12.9,2.3,13/0,RTT,66,94,82,82
2018-01-03 00:46:17.70,-105,-3,-106.9,12.9,2.3,13/0,RTT,66,94,82,81
2018-01-03 00:46:17.425,-103.9,-6.4,-97.8,14.1,2.9,13/0,RTT,66,94,82,81
2018-01-03 00:46:17.760,-103.9,-3.3,-100.6,14.5,5.2,13/0,RTT,66,94,82,81
2018-01-03 00:46:18.35,-103.9,-3.3,-100.6,14.5,5.2,13/0,RTT,66,94,82,76
2018-01-03 00:46:18.385,-104.1,-3.5,-102,13.3,4.5,13/0,RTT,66,94,82,76
2018-01-03 00:46:19.85,-104.1,-5,-86.7,13.1,0.8,13/0,RTT,66,94,82,76
2018-01-03 00:46:19.345,-104.1,-9.1,-96.7,13,2.4,13/0,RTT,66,94,82,76
2018-01-03 00:46:20.30,-104.1,-9.1,-96.7,13,2.4,13/0,RTT,66,94,82,95
2018-01-03 00:46:20.170,-104.5,-15.9,-88.7,12.7,11.5,13/0,RTT,66,94,82,95
2018-01-03 00:46:20.630,-104.4,-7.4,-99.1,13.1,12.5,13/0,RTT,66,94,82,95
2018-01-03 00:46:21.130,-104.4,-7.4,-99.1,13.1,12.5,13/0,RTT,66,94,82,75
2018-01-03 00:46:21.180,-104.8,-6.7,-101.8,12.8,13.1,13/0,RTT,66,94,82,75
2018-01-03 00:46:21.660,-104.7,-5.1,-103.2,13,13,13/0,RTT,66,94,82,75
2018-01-03 00:46:22.50,-104.7,-5.1,-103.2,13,13,13/0,RTT,66,94,82,93
2018-01-03 00:46:22.145,-104.7,-2.7,-104.8,13.4,11.8,13/0,RTT,66,94,82,93
2018-01-03 00:46:22.715,-104.5,-3.4,-106.1,13.3,6.7,13/0,RTT,66,94,82,93
2018-01-03 00:46:23.20,-104.5,-3.4,-106.1,13.3,6.7,13/0,RTT,66,94,82,89
2018-01-03 00:46:23.205,-104.3,-7.6,-99,13.6,5.1,13/0,RTT,66,94,82,89
2018-01-03 00:46:23.515,-104.1,-9.5,-97.6,13.1,2.4,13/0,RTT,66,94,82,89
2018-01-03 00:46:24.0,-104.1,-9.5,-97.6,13.1,2.4,13/0,RTT,66,94,82,52
2018-01-03 00:46:24.170,-104.6,-6.9,-91.5,10.5,3.2,13/0,RTT,66,94,82,52
2018-01-03 00:46:24.800,-112.1,-18.9,-107.7,5,8.2,13/0,RTT,66,94,82,52
2018-01-03 00:46:25.25,-112.1,-18.9,-107.7,5,8.2,13/0,RTT,66,94,82,90
2018-01-03 00:46:25.105,-112.1,-18.9,-107.7,5,8.2,13/0,RTT,66,94,82,0
2018-01-03 00:46:25.110,-112.1,-18.9,-107.7,5,8.2,14/0,RTT,66,94,82,0
2018-01-03 00:46:25.465,-112.1,-18.1,-106.7,5,7.4,14/0,RTT,66,94,82,0
2018-01-03 00:46:25.975,-108.7,-13.3,-102.9,7.8,6.1,14/0,RTT,66,94,82,0
2018-01-03 00:46:26.40,-108.7,-13.3,-102.9,7.8,6.1,14/0,RTT,66,94,82,39
2018-01-03 00:46:26.225,-106.5,-6.2,-108.1,10.3,5.3,14/0,RTT,66,94,82,39
2018-01-03 00:46:27.80,-106.5,-6.2,-108.1,10.3,5.3,14/0,RTT,66,94,82,53
2018-01-03 00:46:27.180,-109.7,-8.5,-109.2,7.5,5.2,14/0,RTT,66,94,82,53
2018-01-03 00:46:27.800,-109.9,-10.1,-109.8,7,6,14/0,RTT,66,94,82,53
2018-01-03 00:46:28.100,-109.9,-10.1,-109.8,7,6,14/0,RTT,66,94,82,98
2018-01-03 00:46:28.210,-106.8,-7.8,-98,9.7,3.8,14/0,RTT,66,94,82,98
2018-01-03 00:46:28.760,-105.9,-5.3,-108.5,9.7,3.9,14/0,RTT,66,94,82,98
2018-01-03 00:46:29.90,-105.9,-5.3,-108.5,9.7,3.9,14/0,RTT,66,94,82,79
2018-01-03 00:46:29.305,-106.9,-8,-106,9.7,6.6,14/0,RTT,66,94,82,79
2018-01-03 00:46:29.730,-104,-4.6,-99.9,11.2,3.7,14/0,RTT,66,94,82,79
2018-01-03 00:46:30.40,-104,-4.6,-99.9,11.2,3.7,14/0,RTT,66,94,82,38
2018-01-03 00:46:30.235,-104,-3.9,-101.9,12.4,1.6,14/0,RTT,66,94,82,38
2018-01-03 00:46:30.880,-103.1,-2.6,-101.2,13.3,4.1,14/0,RTT,66,94,82,38
2018-01-03 00:46:31.85,-103.1,-2.6,-101.2,13.3,4.1,14/0,RTT,66,94,82,78
2018-01-03 00:46:31.370,-102.4,-2.3,-98.4,14.3,4.7,14/0,RTT,66,94,82,78
2018-01-03 00:46:31.835,-103,-3.5,-96.6,12.9,2.8,14/0,RTT,66,94,82,78
2018-01-03 00:46:32.150,-103,-3.5,-96.6,12.9,2.8,14/0,RTT,66,94,82,136
2018-01-03 00:46:32.315,-105,-2.5,-106.6,11.4,6.3,14/0,RTT,66,94,82,136
2018-01-03 00:46:32.980,-103.5,-1.9,-103.8,13.8,2.9,14/0,RTT,66,94,82,136
2018-01-03 00:46:33.115,-103.5,-1.9,-103.8,13.8,2.9,14/0,RTT,66,94,82,111
2018-01-03 00:46:33.425,-101.4,-2.5,-91.5,14.7,2.3,14/0,RTT,66,94,82,111
2018-01-03 00:46:34.25,-103.4,-3.1,-100.9,12.2,2.2,14/0,RTT,66,94,82,111
2018-01-03 00:46:34.70,-103.4,-3.1,-100.9,12.2,2.2,14/0,RTT,66,94,82,35
2018-01-03 00:46:34.465,-105,-4.8,-101.8,11.4,3.9,14/0,RTT,66,94,82,35
2018-01-03 00:46:35.95,-105,-4.8,-101.8,11.4,3.9,14/0,RTT,66,94,82,74
2018-01-03 00:46:35.120,-105,-4.8,-101.8,11.4,3.9,14/0,RTT,66,94,82,0
2018-01-03 00:46:35.135,-105,-4.8,-101.8,11.4,3.9,15/0,RTT,66,94,82,0
2018-01-03 00:46:35.210,-103.9,-4.3,-101.5,12.5,2.9,15/0,RTT,66,94,82,0
2018-01-03 00:46:35.740,-103.6,-5.5,-97.3,13,1.8,15/0,RTT,66,94,82,0
2018-01-03 00:46:36.260,-103.6,-5.5,-97.3,13,1.8,15/0,RTT,66,94,82,82
2018-01-03 00:46:36.305,-103.7,-6.6,-87.9,13.2,3.3,15/0,RTT,66,94,82,82
2018-01-03 00:46:36.625,-103.6,-1.2,-104.4,14.3,4,15/0,RTT,66,94,82,82
2018-01-03 00:46:37.225,-103.6,-1.2,-104.4,14.3,4,15/0,RTT,66,94,82,81
2018-01-03 00:46:37.300,-103.7,-3,-103,14.6,4.7,15/0,RTT,66,94,82,81
2018-01-03 00:46:37.645,-103.7,-6,-95.4,14.7,5.1,15/0,RTT,66,94,82,81
2018-01-03 00:46:38.195,-103.7,-6,-95.4,14.7,5.1,15/0,RTT,66,94,82,40
2018-01-03 00:46:38.400,-103.2,-3.9,-90.8,15.2,4.9,15/0,RTT,66,94,82,40
2018-01-03 00:46:38.910,-102.6,-3.5,-96.2,14.8,2.3,15/0,RTT,66,94,82,40
2018-01-03 00:46:39.230,-102.6,-3.5,-96.2,14.8,2.3,15/0,RTT,66,94,82,78
2018-01-03 00:46:39.515,-103.5,-10.2,-88.3,14.2,3.3,15/0,RTT,66,94,82,78
2018-01-03 00:46:40.205,-103.5,-10.2,-88.3,14.2,3.3,15/0,RTT,66,94,82,57
2018-01-03 00:46:40.325,-105.4,-11,-88.9,12,5.9,15/0,RTT,66,94,82,57
2018-01-03 00:46:40.810,-104.7,-24,-85.9,12.4,6.3,15/0,RTT,66,94,82,57
2018-01-03 00:46:41.230,-104.7,-24,-85.9,12.4,6.3,15/0,RTT,66,94,82,77
2018-01-03 00:46:41.340,-104.3,-22.9,-80.9,12.5,4.8,15/0,RTT,66,94,82,77
2018-01-03 00:46:41.855,-102.2,-21.2,-79.3,15.1,3.2,15/0,RTT,66,94,82,77
2018-01-03 00:46:42.65,-102,-5.3,-91,16,2.7,15/0,RTT,66,94,82,77
2018-01-03 00:46:42.275,-102,-5.3,-91,16,2.7,15/0,RTT,66,94,82,94
2018-01-03 00:46:42.850,-104.5,-2.1,-104.3,13.1,5.1,15/0,RTT,66,94,82,94
2018-01-03 00:46:43.380,-106.9,-12.5,-106.5,9.5,4,15/0,RTT,66,94,82,94
2018-01-03 00:46:43.855,-107.6,-8.4,-107.3,9.1,2.3,15/0,RTT,66,94,82,94
2018-01-03 00:46:44.240,-107.6,-8.4,-107.3,9.1,2.3,15/0,RTT,66,94,82,91
2018-01-03 00:46:44.395,-107.4,-14.7,-106.1,9,5.2,15/0,RTT,66,94,82,91
2018-01-03 00:46:44.635,-106.9,-14.2,-105.2,9.9,2.4,15/0,RTT,66,94,82,91
2018-01-03 00:46:45.265,-106.9,-14.2,-105.2,9.9,2.4,15/0,RTT,66,94,82,90
2018-01-03 00:46:45.385,-106.9,-14.2,-105.2,9.9,2.4,15/0,RTT,66,94,81,0
2018-01-03 00:46:45.390,-106.9,-14.2,-105.2,9.9,2.4,16/0,RTT,66,94,81,0
2018-01-03 00:46:45.405,-107.7,-8.3,-103.4,8.4,2,16/0,RTT,66,94,81,0
2018-01-03 00:46:45.940,-106.9,-11.8,-102.6,9.4,0.9,16/0,RTT,66,94,81,0
2018-01-03 00:46:46.340,-106.9,-11.8,-102.6,9.4,0.9,16/0,RTT,66,94,81,76
2018-01-03 00:46:46.435,-108.6,-9.8,-109.9,8.8,3.6,16/0,RTT,66,94,81,76
2018-01-03 00:46:46.970,-107.3,-10.6,-107.8,9.3,2.9,16/0,RTT,66,94,81,76
2018-01-03 00:46:47.370,-107.3,-10.6,-107.8,9.3,2.9,16/0,RTT,66,94,81,95
2018-01-03 00:46:47.465,-107.3,-5,-96.5,10.7,3.8,16/0,RTT,66,94,81,95
2018-01-03 00:46:47.935,-107.3,-5.3,-103.7,8.9,3.5,16/0,RTT,66,94,81,95
2018-01-03 00:46:48.495,-106.8,-4.9,-105.6,9.3,8,16/0,RTT,66,94,81,95
2018-01-03 00:46:48.955,-106.6,-7.6,-105.8,9.4,6.4,16/0,RTT,66,94,81,95
2018-01-03 00:46:49.360,-106.6,-7.6,-105.8,9.4,6.4,16/0,RTT,66,94,81,92
2018-01-03 00:46:49.495,-106,-3.6,-103.4,10.5,6.3,16/0,RTT,66,94,81,92
2018-01-03 00:46:49.795,-104.7,-2.6,-105.9,11.6,3.8,16/0,RTT,66,94,81,92
2018-01-03 00:46:50.360,-104.7,-2.6,-105.9,11.6,3.8,16/0,RTT,66,94,81,91
2018-01-03 00:46:50.560,-107.8,-8.3,-108.4,10.2,2.1,16/0,RTT,66,94,81,91
2018-01-03 00:46:51.185,-106.8,-5,-107.5,11,2.6,16/0,RTT,66,94,81,91
2018-01-03 00:46:51.360,-106.8,-5,-107.5,11,2.6,16/0,RTT,66,94,81,89
2018-01-03 00:46:51.675,-106.9,-7.6,-102.9,9.7,2.2,16/0,RTT,66,94,81,89
2018-01-03 00:46:52.340,-105.2,-5.3,-104.5,11.9,1.9,16/0,RTT,66,94,81,89
2018-01-03 00:46:52.360,-105.2,-5.3,-104.5,11.9,1.9,16/0,RTT,66,94,81,88
2018-01-03 00:46:52.690,-105.6,-8.2,-105,12.6,1.4,16/0,RTT,66,94,81,88
2018-01-03 00:46:53.320,-105.6,-8.2,-105,12.6,1.4,16/0,RTT,66,94,81,47
2018-01-03 00:46:53.385,-105.7,-4.9,-98.8,11.5,0.5,16/0,RTT,66,94,81,47
2018-01-03 00:46:53.625,-105.9,-4.2,-102.8,11.7,1.5,16/0,RTT,66,94,81,47
2018-01-03 00:46:54.365,-105.9,-4.2,-102.8,11.7,1.5,16/0,RTT,66,94,81,84
2018-01-03 00:46:54.410,-105.2,-4.7,-102.7,11.7,-0.2,16/0,RTT,66,94,81,84
2018-01-03 00:46:54.895,-105.4,-4.7,-104.1,11.9,1,16/0,RTT,66,94,81,84
2018-01-03 00:46:55.405,-105.4,-4.7,-104.1,11.9,1,16/0,RTT,66,94,81,90
2018-01-03 00:46:55.410,-105.4,-4.7,-104.1,11.9,1,16/0,RTT,66,94,82,0
2018-01-03 00:46:55.420,-105.4,-4.7,-104.1,11.9,1,17/0,RTT,66,94,82,0
2018-01-03 00:46:55.430,-106.7,-6.1,-98,9.9,7.6,17/0,RTT,66,94,82,0
2018-01-03 00:46:55.945,-108.7,-14.7,-102.4,8.3,10.3,17/0,RTT,66,94,82,0
2018-01-03 00:46:56.145,-108,-27.3,-96.4,6.7,3.9,17/0,RTT,66,94,82,0
2018-01-03 00:46:56.425,-108,-27.3,-96.4,6.7,3.9,17/0,RTT,66,94,82,88
2018-01-03 00:46:56.795,-105.9,-11.4,-94.8,11.9,2.3,17/0,RTT,66,94,82,88
2018-01-03 00:46:57.465,-101.7,-2.1,-94,14.2,4.8,17/0,RTT,66,94,82,88
2018-01-03 00:46:57.995,-101.4,-4.5,-87.3,15.4,5.5,17/0,RTT,66,94,82,88
2018-01-03 00:46:58.450,-101.4,-4.5,-87.3,15.4,5.5,17/0,RTT,66,94,82,86
2018-01-03 00:46:58.510,-101.2,-6.7,-83.2,14.7,7.5,17/0,RTT,66,94,82,86
2018-01-03 00:46:58.710,-101.5,-3.5,-94.2,14.9,7.2,17/0,RTT,66,94,82,86
2018-01-03 00:46:59.415,-101.5,-3.5,-94.2,14.9,7.2,17/0,RTT,66,94,82,66
2018-01-03 00:46:59.515,-102.4,-3.8,-95.9,14.1,7.7,17/0,RTT,66,94,82,66
2018-01-03 00:46:59.995,-104,-5.8,-98.3,13.2,7.2,17/0,RTT,66,94,82,66
2018-01-03 00:47:00.380,-104,-5.8,-98.3,13.2,7.2,17/0,RTT,66,94,82,44
2018-01-03 00:47:00.635,-104.4,-2.8,-105.5,13.3,3.4,17/0,RTT,66,94,82,44
2018-01-03 00:47:01.110,-101.4,-0.6,-94.3,16.3,5.2,17/0,RTT,66,94,82,44
2018-01-03 00:47:01.420,-101.4,-0.6,-94.3,16.3,5.2,17/0,RTT,66,94,82,83
2018-01-03 00:47:01.620,-102,-0.5,-98.9,15.8,6,17/0,RTT,66,94,82,83
2018-01-03 00:47:02.240,-104.2,-2.8,-104.9,14.2,6.7,17/0,RTT,66,94,82,83
2018-01-03 00:47:02.420,-104.2,-2.8,-104.9,14.2,6.7,17/0,RTT,66,94,82,82
2018-01-03 00:47:02.885,-104.1,-2.5,-102.3,12.1,5,17/0,RTT,66,94,82,82
2018-01-03 00:47:03.215,-107.3,-10.2,-98.6,9.8,3.1,17/0,RTT,66,94,82,82
2018-01-03 00:47:03.420,-107.3,-10.2,-98.6,9.8,3.1,17/0,RTT,66,94,82,80
2018-01-03 00:47:03.870,-104.7,-7.1,-84,14,2.4,17/0,RTT,66,94,82,80
2018-01-03 00:47:04.330,-104.8,-6.3,-91.8,13.3,2.5,17/0,RTT,66,94,82,80
2018-01-03 00:47:04.420,-104.8,-6.3,-91.8,13.3,2.5,17/0,RTT,66,94,82,79
2018-01-03 00:47:04.790,-104.3,-2.1,-106.5,13.5,4.6,17/0,RTT,66,94,82,79
2018-01-03 00:47:05.460,-104.3,-2.1,-106.5,13.5,4.6,17/0,RTT,66,94,81,0
2018-01-03 00:47:05.475,-104.3,-2.1,-106.5,13.5,4.6,18/0,RTT,66,94,81,0
2018-01-03 00:47:05.590,-105.3,-4.6,-105.5,11,4.4,18/0,RTT,66,94,81,0
2018-01-03 00:47:06.70,-106.6,-6.7,-109,11,5.1,18/0,RTT,66,94,81,0
2018-01-03 00:47:06.425,-106.6,-6.7,-109,11,5.1,18/0,RTT,66,94,81,89
2018-01-03 00:47:06.645,-103.7,-2.2,-101.7,14.2,4.5,18/0,RTT,66,94,81,89
2018-01-03 00:47:07.255,-105.9,-4.2,-105.9,12.4,6.5,18/0,RTT,66,94,81,89
2018-01-03 00:47:07.400,-105.9,-4.2,-105.9,12.4,6.5,18/0,RTT,66,94,81,68
2018-01-03 00:47:07.665,-105.5,-7.9,-104.3,11.8,4.9,18/0,RTT,66,94,81,68
2018-01-03 00:47:07.990,-104.8,-6.2,-104.5,12.3,7.1,18/0,RTT,66,94,81,68
2018-01-03 00:47:08.380,-104.8,-6.2,-104.5,12.3,7.1,18/0,RTT,66,94,81,47
2018-01-03 00:47:08.650,-105.1,-5.3,-100.8,11.4,6.8,18/0,RTT,66,94,81,47
2018-01-03 00:47:09.300,-107.5,-6.4,-103.8,9.4,5.4,18/0,RTT,66,94,81,47
2018-01-03 00:47:09.440,-107.5,-6.4,-103.8,9.4,5.4,18/0,RTT,66,94,81,86
2018-01-03 00:47:10.85,-107.6,-6.2,-108.2,10.1,5.4,18/0,RTT,66,94,81,86
2018-01-03 00:47:10.435,-107.6,-6.2,-108.2,10.1,5.4,18/0,RTT,66,94,81,85
2018-01-03 00:47:10.690,-107.6,-4.7,-106,9.7,5.4,18/0,RTT,66,94,81,85
2018-01-03 00:47:11.185,-107.5,-8.7,-102.2,9.4,5.2,18/0,RTT,66,94,81,85
2018-01-03 00:47:11.465,-107.5,-8.7,-102.2,9.4,5.2,18/0,RTT,66,94,81,64
2018-01-03 00:47:11.620,-107.7,-19.9,-97.4,9.5,5.2,18/0,RTT,66,94,81,64
2018-01-03 00:47:12.155,-107.7,-7.6,-105.4,9.5,5.4,18/0,RTT,66,94,81,64
2018-01-03 00:47:12.490,-107.7,-7.6,-105.4,9.5,5.4,18/0,RTT,66,94,81,83
2018-01-03 00:47:12.785,-107.6,-15,-103.6,9.5,5.8,18/0,RTT,66,94,81,83
2018-01-03 00:47:13.440,-107.6,-15,-103.6,9.5,5.8,18/0,RTT,66,94,81,81
2018-01-03 00:47:13.585,-107.8,-8.6,-107.7,9,5.6,18/0,RTT,66,94,81,81
2018-01-03 00:47:14.135,-108,-8.9,-109.5,8.8,5.8,18/0,RTT,66,94,81,81
2018-01-03 00:47:14.515,-108,-8.9,-109.5,8.8,5.8,18/0,RTT,66,94,81,80
2018-01-03 00:47:14.630,-108.2,-5.8,-106,8.8,5.7,18/0,RTT,66,94,81,80
2018-01-03 00:47:15.315,-108.1,-13.5,-103.8,8.7,4.8,18/0,RTT,66,94,81,80
2018-01-03 00:47:15.485,-108.1,-13.5,-103.8,8.7,4.8,18/0,RTT,66,94,81,59
2018-01-03 00:47:15.485,-108.1,-13.5,-103.8,8.7,4.8,18/0,RTT,66,94,81,0
2018-01-03 00:47:15.495,-108.1,-13.5,-103.8,8.7,4.8,19/0,RTT,66,94,81,0
2018-01-03 00:47:15.685,-108.2,-12.5,-107.2,8.8,4.9,19/0,RTT,66,94,81,0
2018-01-03 00:47:16.525,-108.2,-12.5,-107.2,8.8,4.9,19/0,RTT,66,94,81,89
2018-01-03 00:47:16.555,-108.1,-12.7,-109,8.7,5,19/0,RTT,66,94,81,89
2018-01-03 00:47:17.50,-108.2,-11.9,-106.4,8.6,5,19/0,RTT,66,94,81,89
2018-01-03 00:47:17.515,-108.2,-11.9,-106.4,8.6,5,19/0,RTT,66,94,81,88
2018-01-03 00:47:17.595,-108.4,-7.9,-107.8,8.2,4.3,19/0,RTT,66,94,81,88
2018-01-03 00:47:18.440,-108.3,-9.3,-108,8.4,4,19/0,RTT,66,94,81,88
2018-01-03 00:47:18.600,-108.3,-9.3,-108,8.4,4,19/0,RTT,66,94,81,87
2018-01-03 00:47:18.860,-108.1,-19.3,-100.5,8.6,4.1,19/0,RTT,66,94,81,87
2018-01-03 00:47:19.540,-108.1,-19.3,-100.5,8.6,4.1,19/0,RTT,66,94,81,105
2018-01-03 00:47:19.665,-108.4,-8.4,-100.5,8.7,3.9,19/0,RTT,66,94,81,105
2018-01-03 00:47:20.150,-110.1,-11.3,-108.8,6.6,2.5,19/0,RTT,66,94,81,105
2018-01-03 00:47:20.590,-110.1,-11.3,-108.8,6.6,2.5,19/0,RTT,66,94,81,85
2018-01-03 00:47:21.225,-112.5,-16.3,-107.5,4,4.4,19/0,RTT,66,94,81,85
2018-01-03 00:47:21.535,-112.5,-16.3,-107.5,4,4.4,19/0,RTT,66,94,81,28
2018-01-03 00:47:22.555,-111.1,-12.4,-110,5.3,3.7,19/0,RTT,66,94,81,28
2018-01-03 00:47:22.610,-111.1,-12.4,-110,5.3,3.7,19/0,RTT,66,94,81,82
2018-01-03 00:47:23.10,-105.1,-4.4,-105,12.3,3,19/0,RTT,66,94,81,82
2018-01-03 00:47:23.485,-104.7,-5.4,-97.2,13,3.4,19/0,RTT,66,94,81,82
2018-01-03 00:47:23.690,-104.7,-5.4,-97.2,13,3.4,19/0,RTT,66,94,81,96
2018-01-03 00:47:24.35,-104.6,-4.2,-105.3,12.1,2.3,19/0,RTT,66,94,81,96
2018-01-03 00:47:24.535,-104.5,-5.2,-94.5,12.9,3.5,19/0,RTT,66,94,81,96
2018-01-03 00:47:24.610,-104.5,-5.2,-94.5,12.9,3.5,19/0,RTT,66,94,81,80
2018-01-03 00:47:25.100,-104.6,-5.3,-93.9,13.1,5.4,19/0,RTT,66,94,81,80
2018-01-03 00:47:25.585,-104.6,-5.3,-93.9,13.1,5.4,19/0,RTT,66,94,81,94
2018-01-03 00:47:25.585,-104.6,-5.3,-93.9,13.1,5.4,19/0,RTT,66,94,81,0
2018-01-03 00:47:25.595,-104.6,-5.3,-93.9,13.1,5.4,20/0,RTT,66,94,81,0
2018-01-03 00:47:26.385,-110.9,-5.9,-106.7,5.6,8.9,20/0,RTT,66,94,81,0
2018-01-03 00:47:26.640,-110.9,-5.9,-106.7,5.6,8.9,20/0,RTT,66,94,81,70
2018-01-03 00:47:27.610,-110.9,-5.9,-106.7,5.6,8.9,20/0,RTT,66,94,81,56
2018-01-03 00:47:27.660,-114,-12.1,-10.2,4,5.1,20/0,RTT,66,94,81,56
2018-01-03 00:47:28.150,-114,-7.9,-12.2,4.7,7,20/0,RTT,66,94,81,56
2018-01-03 00:47:28.595,-114,-7.9,-12.2,4.7,7,20/0,RTT,66,94,81,91
2018-01-03 00:47:28.715,-114.1,-11.7,-11,4.4,5.7,20/0,RTT,66,94,81,91
2018-01-03 00:47:29.155,-114,-8.4,-12.9,5.3,6.1,20/0,RTT,66,94,81,91
2018-01-03 00:47:29.605,-114,-8.4,-12.9,5.3,6.1,20/0,RTT,66,94,81,50
2018-01-03 00:47:29.705,-114,-10.1,-12.9,4.6,5.9,20/0,RTT,66,94,81,50
2018-01-03 00:47:30.225,-114,-9.1,-11.9,5.5,6.4,20/0,RTT,66,94,81,50
2018-01-03 00:47:30.650,-114,-9.1,-11.9,5.5,6.4,20/0,RTT,66,94,81,89
2018-01-03 00:47:30.770,-114.3,-9.8,-12.5,5.8,5.5,20/0,RTT,66,94,81,89
2018-01-03 00:47:31.325,-114.3,-9.4,-11.7,6.4,6.1,20/0,RTT,66,94,81,89
2018-01-03 00:47:31.625,-114.3,-9.4,-11.7,6.4,6.1,20/0,RTT,66,94,81,99
2018-01-03 00:47:32.50,-114.4,-9.9,-12.7,5.9,5.5,20/0,RTT,66,94,81,99
2018-01-03 00:47:32.470,-114.5,-9.5,-13.3,6.2,5.8,20/0,RTT,66,94,81,99
2018-01-03 00:47:32.670,-114.5,-9.5,-13.3,6.2,5.8,20/0,RTT,66,94,81,106
2018-01-03 00:47:32.935,-114.4,-10,-12.1,6.2,5.8,20/0,RTT,66,94,81,106
2018-01-03 00:47:33.590,-114.3,-9.1,-13.4,6.4,6.4,20/0,RTT,66,94,81,106
2018-01-03 00:47:33.690,-114.3,-9.1,-13.4,6.4,6.4,20/0,RTT,66,94,81,66
2018-01-03 00:47:33.890,-114.4,-10.2,-13,6.4,6.1,20/0,RTT,66,94,81,66
2018-01-03 00:47:34.550,-114.4,-10.2,-13,6.4,6.1,20/0,RTT,66,94,81,56
2018-01-03 00:47:34.885,-114.4,-9.7,-12.2,5.6,5.5,20/0,RTT,66,94,81,56
2018-01-03 00:47:35.490,-114.4,-13,-13.2,5.2,4.1,20/0,RTT,66,94,81,56
2018-01-03 00:47:35.565,-114.4,-13,-13.2,5.2,4.1,20/0,RTT,66,94,81,45
2018-01-03 00:47:35.665,-114.4,-13,-13.2,5.2,4.1,20/0,RTT,66,94,81,0
2018-01-03 00:47:35.760,-114.4,-13,-13.2,5.2,4.1,21/0,RTT,66,94,81,0
2018-01-03 00:47:35.810,-114.3,-10.2,-12.4,5.9,6.2,21/0,RTT,66,94,81,0
2018-01-03 00:47:36.330,-114.2,-8.8,-12.5,6.8,6.3,21/0,RTT,66,94,81,0
2018-01-03 00:47:36.740,-114.2,-8.8,-12.5,6.8,6.3,21/0,RTT,66,94,81,102
2018-01-03 00:47:36.865,-114.4,-10.9,-12.4,6.7,5.3,21/0,RTT,66,94,81,102
2018-01-03 00:47:37.465,-113.8,-9.5,-13.5,6,4.2,21/0,RTT,66,94,81,102
2018-01-03 00:47:37.805,-113.8,-9.5,-13.5,6,4.2,21/0,RTT,66,94,81,63
2018-01-03 00:47:37.985,-114.7,-10.6,-12.4,5.8,5.7,21/0,RTT,66,94,81,63
2018-01-03 00:47:38.385,-114.4,-7.6,-13.4,6.5,5.6,21/0,RTT,66,94,81,63
2018-01-03 00:47:38.765,-114.4,-7.6,-13.4,6.5,5.6,21/0,RTT,66,94,81,46
2018-01-03 00:47:38.990,-114,-10,-11.8,6.8,4.9,21/0,RTT,66,94,81,46
2018-01-03 00:47:39.485,-114,-10.2,-12,7,4.5,21/0,RTT,66,94,81,46
2018-01-03 00:47:39.840,-114,-10.2,-12,7,4.5,21/0,RTT,66,94,81,68
2018-01-03 00:47:39.930,-113.9,-8.5,-12.9,7,4.8,21/0,RTT,66,94,81,68
2018-01-03 00:47:40.710,-113.8,-8.5,-12.4,7.5,5.1,21/0,RTT,66,94,81,68
2018-01-03 00:47:40.835,-113.8,-8.5,-12.4,7.5,5.1,21/0,RTT,66,94,81,103
2018-01-03 00:47:41.90,-114.2,-9.4,-13.5,6.3,4.4,21/0,RTT,66,94,81,103
2018-01-03 00:47:41.690,-114.1,-9.3,-14.3,7.6,5.7,21/0,RTT,66,94,81,103
2018-01-03 00:47:41.725,-114.1,-9.3,-14.3,7.6,5.7,21/0,RTT,66,94,81,83
2018-01-03 00:47:42.215,-113.9,-12.5,-11.9,7.7,5.1,21/0,RTT,66,94,81,83
2018-01-03 00:47:42.695,-114.1,-15.5,-10.8,7.5,5.1,21/0,RTT,66,94,81,83
2018-01-03 00:47:42.735,-114.1,-15.5,-10.8,7.5,5.1,21/0,RTT,66,94,81,96
2018-01-03 00:47:43.245,-114.5,-8.8,-13.5,7,5.3,21/0,RTT,66,94,81,96
2018-01-03 00:47:43.690,-113.9,-8.5,-12.3,8,6.1,21/0,RTT,66,94,81,96
2018-01-03 00:47:43.790,-113.9,-8.5,-12.3,8,6.1,21/0,RTT,66,94,81,80
2018-01-03 00:47:44.260,-114.4,-10.7,-12.2,7.3,6.3,21/0,RTT,66,94,81,80
2018-01-03 00:47:44.735,-114.4,-10.7,-12.2,7.3,6.3,21/0,RTT,66,94,81,94
2018-01-03 00:47:44.740,-114.6,-10,-15.4,7.1,5.3,21/0,RTT,66,94,81,94
2018-01-03 00:47:45.175,-113.9,-8.4,-12.8,6.2,5.2,21/0,RTT,66,94,81,94
2018-01-03 00:47:45.700,-113.9,-8.4,-12.8,6.2,5.2,21/0,RTT,66,94,81,53
2018-01-03 00:47:45.710,-113.9,-8.4,-12.8,6.2,5.2,21/0,RTT,66,94,81,0
2018-01-03 00:47:45.720,-113.9,-8.4,-12.8,6.2,5.2,22/0,RTT,66,94,81,0
2018-01-03 00:47:45.755,-114.8,-11.5,-13.5,5.2,2.4,22/0,RTT,66,94,81,0
2018-01-03 00:47:45.895,-114.9,-13.7,-11.6,5.5,2.7,22/0,RTT,66,94,81,0
2018-01-03 00:47:46.720,-115.4,-11.2,-12.6,6.1,5,22/0,RTT,66,94,81,0
2018-01-03 00:47:46.790,-115.4,-11.2,-12.6,6.1,5,22/0,RTT,66,94,81,72
2018-01-03 00:47:47.10,-115.5,-12.9,-13.4,6.4,4.9,22/0,RTT,66,94,81,72
2018-01-03 00:47:47.750,-115,-10.4,-13.3,6.7,4.1,22/0,RTT,66,94,81,72
2018-01-03 00:47:47.805,-115,-10.4,-13.3,6.7,4.1,22/0,RTT,66,94,81,91
2018-01-03 00:47:48.370,-115.1,-11,-14.5,6.5,3.6,22/0,RTT,66,94,81,91
2018-01-03 00:47:48.790,-115.1,-11,-14.5,6.5,3.6,22/0,RTT,66,94,81,98
2018-01-03 00:47:48.850,-115.1,-9.8,-16.2,6.3,4.5,22/0,RTT,66,94,81,98
2018-01-03 00:47:49.345,-115.2,-11.1,-12.8,6,4.4,22/0,RTT,66,94,81,98
2018-01-03 00:47:49.795,-115.2,-11.1,-12.8,6,4.4,22/0,RTT,66,94,81,95
2018-01-03 00:47:49.900,-115.2,-17.3,-14.5,6.3,4.8,22/0,RTT,66,94,81,95
2018-01-03 00:47:50.505,-115.1,-18.7,-11.2,6,4.5,22/0,RTT,66,94,81,95
2018-01-03 00:47:50.955,-114.6,-8.2,-13.1,6.9,5.9,22/0,RTT,66,94,81,95
2018-01-03 00:47:51.505,-114.9,-9.3,-13.9,6.3,5.6,22/0,RTT,66,94,81,95
2018-01-03 00:47:51.815,-114.9,-9.3,-13.9,6.3,5.6,22/0,RTT,66,94,81,100
2018-01-03 00:47:52.105,-114.2,-10,-12,6.3,6.4,22/0,RTT,66,94,81,100
2018-01-03 00:47:52.470,-113.8,-7,-12,6.3,6.7,22/0,RTT,66,94,81,100
2018-01-03 00:47:52.770,-113.8,-7,-12,6.3,6.7,22/0,RTT,66,94,81,73
2018-01-03 00:47:53.90,-114,-8.7,-11.8,5.9,6.6,22/0,RTT,66,94,81,73
2018-01-03 00:47:53.570,-114.2,-9.2,-12.5,4.1,5.7,22/0,RTT,66,94,81,73
2018-01-03 00:47:53.780,-114.2,-9.2,-12.5,4.1,5.7,22/0,RTT,66,94,81,51
2018-01-03 00:47:54.40,-114,-9.6,-11.6,4.9,6.1,22/0,RTT,66,94,81,51
2018-01-03 00:47:54.590,-113.6,-7.4,-10.8,5.3,6.8,22/0,RTT,66,94,81,51
2018-01-03 00:47:54.755,-113.6,-7.4,-10.8,5.3,6.8,22/0,RTT,66,94,81,41
2018-01-03 00:47:55.10,-113.5,-6.8,-11.4,5.6,7.1,22/0,RTT,66,94,81,41
2018-01-03 00:47:55.575,-113.8,-11.4,-12,4,4.5,22/0,RTT,66,94,81,41
2018-01-03 00:47:55.810,-113.8,-11.4,-12,4,4.5,22/0,RTT,66,94,81,80
2018-01-03 00:47:55.920,-113.8,-11.4,-12,4,4.5,22/0,RTT,66,94,81,0
2018-01-03 00:47:55.985,-113.8,-11.4,-12,4,4.5,23/0,RTT,66,94,81,0
2018-01-03 00:47:56.205,-113.6,-7.7,-10.6,6,7.1,23/0,RTT,66,94,81,0
2018-01-03 00:47:56.620,-113.5,-8,-11,5.8,7.1,23/0,RTT,66,94,81,0
2018-01-03 00:47:56.990,-113.5,-8,-11,5.8,7.1,23/0,RTT,66,94,81,81
2018-01-03 00:47:57.950,-113.5,-8,-11,5.8,7.1,23/0,RTT,66,94,81,36
2018-01-03 00:47:58.705,-113.2,-8.1,-12,5.8,7,23/0,RTT,66,94,81,36
2018-01-03 00:47:59.45,-113.2,-8.1,-12,5.8,7,23/0,RTT,66,94,81,96
2018-01-03 00:47:59.505,-113.1,-7.3,-11.8,7.5,7.6,23/0,RTT,66,94,81,96
2018-01-03 00:48:00.20,-113.4,-8.1,-10.2,7.1,7.2,23/0,RTT,66,94,81,96
2018-01-03 00:48:00.25,-113.4,-8.1,-10.2,7.1,7.2,23/0,RTT,66,94,81,110
2018-01-03 00:48:00.540,-113.4,-6.8,-11.3,6.6,7.5,23/0,RTT,66,94,81,110
2018-01-03 00:48:00.985,-113.9,-8.9,-12.5,6.9,5.8,23/0,RTT,66,94,81,110
2018-01-03 00:48:01.0,-113.9,-8.9,-12.5,6.9,5.8,23/0,RTT,66,94,81,95
2018-01-03 00:48:01.570,-113.4,-7.6,-11.3,8,7,23/0,RTT,66,94,81,95
2018-01-03 00:48:02.75,-113.8,-8.7,-12.8,6.8,6.8,23/0,RTT,66,94,81,95
2018-01-03 00:48:02.310,-113.9,-8.2,-12.4,7.3,6.6,23/0,RTT,66,94,81,95
2018-01-03 00:48:02.975,-113.9,-8.2,-12.4,7.3,6.6,23/0,RTT,66,94,81,69
2018-01-03 00:48:03.215,-114,-8.4,-11.2,6.2,6.7,23/0,RTT,66,94,81,69
2018-01-03 00:48:03.665,-113.9,-7.6,-12.9,6.1,6.8,23/0,RTT,66,94,81,69
2018-01-03 00:48:04.20,-113.9,-7.6,-12.9,6.1,6.8,23/0,RTT,66,94,81,107
2018-01-03 00:48:04.215,-113,-6.4,-10.6,6.4,7.9,23/0,RTT,66,94,81,107
2018-01-03 00:48:04.635,-113.7,-6.9,-15.2,7.4,7.3,23/0,RTT,66,94,81,107
2018-01-03 00:48:05.0,-113.7,-6.9,-15.2,7.4,7.3,23/0,RTT,66,94,81,75
2018-01-03 00:48:05.200,-113.3,-7.4,-11.2,7.2,7.3,23/0,RTT,66,94,81,75
2018-01-03 00:48:05.965,-113.3,-7.4,-11.2,7.2,7.3,23/0,RTT,66,94,81,52
2018-01-03 00:48:05.980,-113.3,-7.4,-11.2,7.2,7.3,23/0,RTT,66,94,81,0
2018-01-03 00:48:05.980,-113.3,-7.4,-11.2,7.2,7.3,24/0,RTT,66,94,81,0
2018-01-03 00:48:06.55,-113.8,-8.8,-11.5,7,7,24/0,RTT,66,94,81,0
2018-01-03 00:48:06.560,-113.8,-8.9,-13.2,6.4,6.1,24/0,RTT,66,94,81,0
2018-01-03 00:48:06.955,-114,-7.9,-11.6,7.1,6.9,24/0,RTT,66,94,81,0
2018-01-03 00:48:07.10,-114,-7.9,-11.6,7.1,6.9,24/0,RTT,66,94,81,102
2018-01-03 00:48:07.510,-113.9,-8.3,-12,7.2,6.6,24/0,RTT,66,94,81,102
2018-01-03 00:48:07.970,-113.9,-8.3,-12,7.2,6.6,24/0,RTT,66,94,81,61
2018-01-03 00:48:08.135,-113.9,-8.4,-11.8,7.6,6.8,24/0,RTT,66,94,81,61
2018-01-03 00:48:08.660,-114,-8.7,-10.8,7.4,6.8,24/0,RTT,66,94,81,61
2018-01-03 00:48:09.45,-114,-8.7,-10.8,7.4,6.8,24/0,RTT,66,94,81,81
2018-01-03 00:48:09.90,-113.7,-7.8,-11.4,7.2,7.1,24/0,RTT,66,94,81,81
2018-01-03 00:48:09.695,-113.7,-8.9,-11.6,6.8,5.5,24/0,RTT,66,94,81,81
2018-01-03 00:48:10.0,-113.7,-8.9,-11.6,6.8,5.5,24/0,RTT,66,94,81,89
2018-01-03 00:48:10.135,-113.9,-8.7,-11.1,7.1,6.7,24/0,RTT,66,94,81,89
2018-01-03 00:48:10.305,-114.2,-9.3,-11.2,7.1,6.6,24/0,RTT,66,94,81,89
2018-01-03 00:48:10.955,-114.2,-9.3,-11.2,7.1,6.6,24/0,RTT,66,94,81,49
2018-01-03 00:48:11.275,-114,-9,-12,6.8,6.7,24/0,RTT,66,94,81,49
2018-01-03 00:48:11.685,-114,-6.4,-12.3,7.6,5.8,24/0,RTT,66,94,81,49
2018-01-03 00:48:11.960,-114,-6.4,-12.3,7.6,5.8,24/0,RTT,66,94,81,57
2018-01-03 00:48:12.295,-113.9,-13.4,-12.2,8,5.8,24/0,RTT,66,94,81,57
2018-01-03 00:48:12.790,-113.5,-9.6,-11.6,8.3,6.3,24/0,RTT,66,94,81,57
2018-01-03 00:48:12.990,-113.5,-9.6,-11.6,8.3,6.3,24/0,RTT,66,94,81,80
2018-01-03 00:48:13.920,-113.5,-16.7,-12,8.4,5.9,24/0,RTT,66,94,81,80
2018-01-03 00:48:13.950,-113.5,-16.7,-12,8.4,5.9,24/0,RTT,66,94,81,35
2018-01-03 00:48:14.150,-113.8,-9.4,-11.9,7.7,5.5,24/0,RTT,66,94,81,35
2018-01-03 00:48:15.15,-113.8,-9.4,-11.9,7.7,5.5,24/0,RTT,66,94,81,95
2018-01-03 00:48:15.85,-113.7,-10.2,-10.5,7.9,6.5,24/0,RTT,66,94,81,95
2018-01-03 00:48:15.570,-113.8,-8.5,-11.7,7.6,7,24/0,RTT,66,94,81,95
2018-01-03 00:48:16.40,-113.8,-8.5,-11.7,7.6,7,24/0,RTT,66,94,81,109
2018-01-03 00:48:16.45,-113.8,-8.5,-11.7,7.6,7,24/0,RTT,66,94,81,0
2018-01-03 00:48:16.55,-113.8,-8.5,-11.7,7.6,7,25/0,RTT,66,94,81,0
2018-01-03 00:48:16.140,-113.1,-6.7,-10.6,8,7.9,25/0,RTT,66,94,81,0
2018-01-03 00:48:16.985,-113.1,-6.7,-10.6,8,7.9,25/0,RTT,66,94,81,90
2018-01-03 00:48:17.185,-112.9,-8.7,-10,6.6,6.3,25/0,RTT,66,94,81,90
2018-01-03 00:48:17.705,-113.3,-8.6,-11,7.2,6.8,25/0,RTT,66,94,81,90
2018-01-03 00:48:17.945,-113.3,-8.6,-11,7.2,6.8,25/0,RTT,66,94,81,50
2018-01-03 00:48:18.475,-113,-7.7,-10.2,7,7.2,25/0,RTT,66,94,81,50
2018-01-03 00:48:18.950,-113.1,-7.3,-10.8,7.6,7.6,25/0,RTT,66,94,81,50
2018-01-03 00:48:18.980,-113.1,-7.3,-10.8,7.6,7.6,25/0,RTT,66,94,81,89
2018-01-03 00:48:19.670,-113.1,-9.4,-11.2,6.5,5.6,25/0,RTT,66,94,81,89
2018-01-03 00:48:19.960,-113.1,-9.4,-11.2,6.5,5.6,25/0,RTT,66,94,81,68
2018-01-03 00:48:20.150,-113.2,-7.1,-10.5,7.5,7.5,25/0,RTT,66,94,81,68
2018-01-03 00:48:20.980,-113.2,-7.1,-10.5,7.5,7.5,25/0,RTT,66,94,81,85
2018-01-03 00:48:21.585,-113,-8.1,-11,7.7,7.5,25/0,RTT,66,94,81,85
2018-01-03 00:48:21.940,-113,-8.1,-11,7.7,7.5,25/0,RTT,66,94,81,45
2018-01-03 00:48:22.95,-113.2,-7,-10.3,7.3,7.6,25/0,RTT,66,94,81,45
2018-01-03 00:48:22.565,-113,-7.9,-10.6,6.4,5.8,25/0,RTT,66,94,81,45
2018-01-03 00:48:22.935,-113,-7.9,-10.6,6.4,5.8,25/0,RTT,66,94,81,36
2018-01-03 00:48:23.115,-113.1,-7.4,-10.2,7.6,7.6,25/0,RTT,66,94,81,36
2018-01-03 00:48:23.670,-113,-5.9,-10.5,8.3,8,25/0,RTT,66,94,81,36
2018-01-03 00:48:24.0,-113,-5.9,-10.5,8.3,8,25/0,RTT,66,94,81,95
2018-01-03 00:48:24.165,-113,-6.9,-10.6,8.1,8,25/0,RTT,66,94,81,95
2018-01-03 00:48:24.745,-113,-7.1,-10.6,8.5,8,25/0,RTT,66,94,81,95
2018-01-03 00:48:25.0,-113,-7.1,-10.6,8.5,8,25/0,RTT,66,94,81,84
2018-01-03 00:48:25.190,-112.8,-6.6,-10.5,7.9,7.9,25/0,RTT,66,94,81,84
2018-01-03 00:48:25.725,-112.8,-5.4,-10.2,8,8.2,25/0,RTT,66,94,81,84
2018-01-03 00:48:26.65,-112.8,-5.4,-10.2,8,8.2,25/0,RTT,66,94,81,93
2018-01-03 00:48:26.65,-112.8,-5.4,-10.2,8,8.2,25/0,RTT,66,94,80,0
2018-01-03 00:48:26.80,-112.8,-5.4,-10.2,8,8.2,26/0,RTT,66,94,80,0
2018-01-03 00:48:26.455,-113.4,-6.8,-11.3,7,7.1,26/0,RTT,66,94,80,0
2018-01-03 00:48:26.915,-113.5,-7.6,-10.8,6.9,7.1,26/0,RTT,66,94,80,0
2018-01-03 00:48:27.0,-113.5,-7.6,-10.8,6.9,7.1,26/0,RTT,66,94,80,85
2018-01-03 00:48:27.670,-112.9,-7.5,-10.2,7,6.9,26/0,RTT,66,94,80,85
2018-01-03 00:48:27.965,-112.9,-7.5,-10.2,7,6.9,26/0,RTT,66,94,80,42
2018-01-03 00:48:28.975,-112.9,-7.5,-10.2,7,6.9,26/0,RTT,66,94,80,57
2018-01-03 00:48:29.20,-112.9,-8.2,-10,7.5,7.4,26/0,RTT,66,94,80,57
2018-01-03 00:48:29.315,-113,-6.9,-10.4,7.4,7.4,26/0,RTT,66,94,80,57
2018-01-03 00:48:29.985,-113,-6.5,-10,6.6,7.7,26/0,RTT,66,94,80,57
2018-01-03 00:48:30.25,-113,-6.5,-10,6.6,7.7,26/0,RTT,66,94,80,100
2018-01-03 00:48:30.540,-112.8,-6.7,-10.2,7,7.7,26/0,RTT,66,94,80,100
2018-01-03 00:48:31.5,-112.8,-6.7,-10.2,7,7.7,26/0,RTT,66,94,80,80
2018-01-03 00:48:31.95,-112.8,-6.6,-10,7.4,7.8,26/0,RTT,66,94,80,80
2018-01-03 00:48:31.620,-113.1,-6.3,-10.5,7.4,7.9,26/0,RTT,66,94,80,80
2018-01-03 00:48:32.40,-113.1,-6.3,-10.5,7.4,7.9,26/0,RTT,66,94,80,93
2018-01-03 00:48:32.385,-112.8,-6.3,-10.5,7.1,8,26/0,RTT,66,94,80,93
2018-01-03 00:48:32.655,-113.2,-6.9,-10.6,7.2,7.7,26/0,RTT,66,94,80,93
2018-01-03 00:48:33.10,-113.2,-6.9,-10.6,7.2,7.7,26/0,RTT,66,94,80,88
2018-01-03 00:48:33.210,-113.4,-7.3,-11.1,6.8,7.5,26/0,RTT,66,94,80,88
2018-01-03 00:48:33.960,-113.4,-7.3,-11.1,6.8,7.5,26/0,RTT,66,94,80,40
2018-01-03 00:48:34.690,-112.6,-6.9,-10.2,7.8,7.8,26/0,RTT,66,94,80,40
2018-01-03 00:48:35.10,-112.6,-6.9,-10.2,7.8,7.8,26/0,RTT,66,94,80,86
2018-01-03 00:48:35.160,-112.6,-7.9,-10.5,8,8.2,26/0,RTT,66,94,80,86
2018-01-03 00:48:35.850,-112.9,-7.9,-10.8,7.2,7.8,26/0,RTT,66,94,80,86
2018-01-03 00:48:35.975,-112.9,-7.9,-10.8,7.2,7.8,26/0,RTT,66,94,80,38
2018-01-03 00:48:36.45,-112.9,-7.9,-10.8,7.2,7.8,26/0,RTT,66,94,80,0
2018-01-03 00:48:36.60,-112.9,-7.9,-10.8,7.2,7.8,27/0,RTT,66,94,80,0
2018-01-03 00:48:36.360,-113.5,-9.4,-10,7.7,7.4,27/0,RTT,66,94,80,0
2018-01-03 00:48:36.975,-113.5,-9.4,-10,7.7,7.4,27/0,RTT,66,94,80,49
2018-01-03 00:48:37.735,-109,-8.3,-108.5,9.1,7.4,27/0,RTT,66,94,80,49
2018-01-03 00:48:38.0,-109,-8.3,-108.5,9.1,7.4,27/0,RTT,66,94,80,63
2018-01-03 00:48:38.180,-107.4,-4.6,-107.5,12.7,8.1,27/0,RTT,66,94,80,63
2018-01-03 00:48:39.95,-107.4,-4.6,-107.5,12.7,8.1,27/0,RTT,66,94,80,152
2018-01-03 00:48:39.810,-108.4,-5.5,-106.2,12.1,9.1,27/0,RTT,66,94,80,152
2018-01-03 00:48:40.25,-108.4,-5.5,-106.2,12.1,9.1,27/0,RTT,66,94,80,92
2018-01-03 00:48:40.465,-109,-5.9,-107,11.7,8,27/0,RTT,66,94,80,92
2018-01-03 00:48:41.50,-109,-5.9,-107,11.7,8,27/0,RTT,66,94,80,101
2018-01-03 00:48:42.0,-109,-5.9,-107,11.7,8,27/0,RTT,66,94,80,62
2018-01-03 00:48:43.30,-109,-5.9,-107,11.7,8,27/0,RTT,66,94,80,99
2018-01-03 00:48:43.680,-108.9,-4.8,-105.8,11.8,8.3,27/0,RTT,66,94,80,99
2018-01-03 00:48:44.10,-108.9,-4.8,-105.8,11.8,8.3,27/0,RTT,66,94,80,58
2018-01-03 00:48:44.180,-109.5,-24.2,-105.1,9.1,6.6,27/0,RTT,66,94,80,58
2018-01-03 00:48:44.630,-109.7,-10.7,-107.9,11.7,8,27/0,RTT,66,94,80,58
2018-01-03 00:48:44.980,-109.7,-10.7,-107.9,11.7,8,27/0,RTT,66,94,80,48
2018-01-03 00:48:46.55,-109.7,-10.7,-107.9,11.7,8,27/0,RTT,66,94,80,107
2018-01-03 00:48:46.150,-109.7,-10.7,-107.9,11.7,8,27/0,RTT,66,94,80,0
2018-01-03 00:48:46.165,-109.7,-10.7,-107.9,11.7,8,28/0,RTT,66,94,80,0
2018-01-03 00:48:47.150,-109.7,-10.7,-107.9,11.7,8,28/0,RTT,66,94,80,99
2018-01-03 00:48:48.15,-108.3,-3.9,-97.2,12.5,8.7,28/0,RTT,66,94,80,99
2018-01-03 00:48:48.95,-108.3,-3.9,-97.2,12.5,8.7,28/0,RTT,66,94,80,58
2018-01-03 00:48:48.520,-104.7,-2.6,-106.9,13,9.8,28/0,RTT,66,94,80,58
2018-01-03 00:48:48.985,-105.6,-2,-108.3,10.4,12.1,28/0,RTT,66,94,80,58
2018-01-03 00:48:49.85,-105.6,-2,-108.3,10.4,12.1,28/0,RTT,66,94,80,41
2018-01-03 00:48:49.430,-105.9,-5.4,-103,9.9,11.5,28/0,RTT,66,94,80,41
2018-01-03 00:48:50.100,-105.9,-5.4,-103,9.9,11.5,28/0,RTT,66,94,80,56
2018-01-03 00:48:50.110,-106.4,-4.8,-108.7,10,10.2,28/0,RTT,66,94,80,56
2018-01-03 00:48:50.380,-105.3,-5.9,-105.8,10.5,9.3,28/0,RTT,66,94,80,56
2018-01-03 00:48:51.145,-104.9,-5,-106.2,9.4,10.8,28/0,RTT,66,94,80,56
2018-01-03 00:48:51.150,-104.9,-5,-106.2,9.4,10.8,28/0,RTT,66,94,80,99
2018-01-03 00:48:51.710,-103,-9,-78.6,11.1,10.1,28/0,RTT,66,94,80,99
2018-01-03 00:48:52.135,-103,-9,-78.6,11.1,10.1,28/0,RTT,66,94,80,79
2018-01-03 00:48:52.210,-104.2,-7.2,-80.7,10.8,10.1,28/0,RTT,66,94,80,79
2018-01-03 00:48:52.550,-104.9,-2.6,-107.7,10.1,12.5,28/0,RTT,66,94,80,79
2018-01-03 00:48:53.80,-104.9,-2.6,-107.7,10.1,12.5,28/0,RTT,66,94,80,38
2018-01-03 00:48:53.270,-104.7,-4.5,-103.4,11.6,12.1,28/0,RTT,66,94,80,38
2018-01-03 00:48:53.570,-104.3,-1.3,-106.1,12.2,13.7,28/0,RTT,66,94,80,38
2018-01-03 00:48:54.120,-104.3,-1.3,-106.1,12.2,13.7,28/0,RTT,66,94,80,76
2018-01-03 00:48:54.305,-102.4,-0.3,-96.4,12.8,16,28/0,RTT,66,94,80,76
2018-01-03 00:48:54.850,-105.1,-4.9,-102.5,10.7,11.7,28/0,RTT,66,94,80,76
2018-01-03 00:48:55.140,-105.1,-4.9,-102.5,10.7,11.7,28/0,RTT,66,94,80,96
2018-01-03 00:48:55.495,-107.3,-4.3,-108.2,4.2,10.8,28/0,RTT,66,94,80,96
2018-01-03 00:48:56.145,-107.3,-4.3,-108.2,4.2,10.8,28/0,RTT,66,94,80,104
2018-01-03 00:48:56.170,-107.3,-4.3,-108.2,4.2,10.8,28/0,RTT,66,94,80,0
2018-01-03 00:48:56.180,-107.3,-4.3,-108.2,4.2,10.8,29/0,RTT,66,94,80,0
2018-01-03 00:48:56.260,-106.3,-2.5,-108.4,6.7,12.2,29/0,RTT,66,94,80,0
2018-01-03 00:48:56.790,-106.1,-3.7,-104.7,8.9,11.1,29/0,RTT,66,94,80,0
2018-01-03 00:48:57.5,-106.1,-3.7,-104.7,8.9,11.1,29/0,RTT,66,94,80,29
2018-01-03 00:48:57.555,-108.1,-7.9,-109.2,7.4,8.3,29/0,RTT,66,94,80,29
2018-01-03 00:48:58.30,-108.1,-7.9,-109.2,7.4,8.3,29/0,RTT,66,94,80,41
2018-01-03 00:48:58.45,-106.9,-9.5,-104.6,6.7,7.8,29/0,RTT,66,94,80,41
2018-01-03 00:48:58.380,-107.8,-5.6,-109.5,5,8.6,29/0,RTT,66,94,80,41
2018-01-03 00:48:59.60,-107.8,-5.6,-109.5,5,8.6,29/0,RTT,66,94,80,81
2018-01-03 00:48:59.220,-110.6,-12.4,-102.6,6.7,4.4,29/0,RTT,66,94,80,81
2018-01-03 00:48:59.670,-112.7,-25.5,-109.2,3,2,29/0,RTT,66,94,80,81
2018-01-03 00:49:00.50,-112.7,-25.5,-109.2,3,2,29/0,RTT,66,94,80,69
2018-01-03 00:49:00.235,-114.2,-29,-110,1.3,2,29/0,RTT,66,94,80,69
2018-01-03 00:49:01.70,-114.2,-29,-110,1.3,2,29/0,RTT,66,94,80,82
2018-01-03 00:49:02.40,-114.2,-29,-110,1.3,2,29/0,RTT,66,94,80,61
2018-01-03 00:49:03.80,-114.2,-29,-110,1.3,2,29/0,RTT,66,94,80,89
2018-01-03 00:49:04.85,-114.2,-29,-110,1.3,2,29/0,RTT,66,94,80,91
2018-01-03 00:49:05.110,-114.2,-29,-110,1.3,2,29/0,RTT,66,94,80,49
2018-01-03 00:49:05.460,-113.2,-15.6,-108.8,3.7,4.3,29/0,RTT,66,94,80,49
2018-01-03 00:49:06.50,-113.2,-15.6,-108.8,3.7,4.3,29/0,RTT,66,94,80,60
2018-01-03 00:49:06.50,-113.2,-15.6,-108.8,3.7,4.3,29/0,RTT,65,94,79,0
2018-01-03 00:49:06.80,-113.2,-15.6,-108.8,3.7,4.3,30/0,RTT,65,94,79,0
2018-01-03 00:49:07.80,-113.2,-15.6,-108.8,3.7,4.3,30/0,RTT,65,94,79,77
2018-01-03 00:49:08.100,-113.2,-15.6,-108.8,3.7,4.3,30/0,RTT,65,94,79,97
2018-01-03 00:49:09.125,-113.2,-15.6,-108.8,3.7,4.3,30/0,RTT,65,94,79,92
2018-01-03 00:49:10.110,-113.2,-15.6,-108.8,3.7,4.3,30/0,RTT,65,94,79,89
2018-01-03 00:49:11.115,-113.2,-15.6,-108.8,3.7,4.3,30/0,RTT,65,94,79,102
2018-01-03 00:49:12.115,-113.2,-15.6,-108.8,3.7,4.3,30/0,RTT,65,94,79,61
2018-01-03 00:49:13.130,-113.2,-15.6,-108.8,3.7,4.3,30/0,RTT,65,94,79,70
2018-01-03 00:49:14.165,-113.2,-15.6,-108.8,3.7,4.3,30/0,RTT,65,94,79,59
2018-01-03 00:49:15.205,-113.2,-15.6,-108.8,3.7,4.3,30/0,RTT,65,94,79,49
2018-01-03 00:49:16.145,-113.2,-15.6,-108.8,3.7,4.3,30/0,RTT,65,94,79,107
2018-01-03 00:49:16.145,-113.2,-15.6,-108.8,3.7,4.3,30/0,RTT,65,94,79,0
2018-01-03 00:49:16.160,-113.2,-15.6,-108.8,3.7,4.3,31/0,RTT,65,94,79,0
2018-01-03 00:49:17.200,-113.2,-15.6,-108.8,3.7,4.3,31/0,RTT,65,94,79,87
2018-01-03 00:49:18.180,-113.2,-15.6,-108.8,3.7,4.3,31/0,RTT,65,94,79,72
2018-01-03 00:49:19.200,-113.2,-15.6,-108.8,3.7,4.3,31/0,RTT,65,94,79,54
2018-01-03 00:49:20.175,-113.2,-15.6,-108.8,3.7,4.3,31/0,RTT,65,94,79,69
2018-01-03 00:49:21.200,-113.2,-15.6,-108.8,3.7,4.3,31/0,RTT,65,94,79,54
2018-01-03 00:49:22.200,-113.2,-15.6,-108.8,3.7,4.3,31/0,RTT,65,94,79,41
2018-01-03 00:49:23.220,-113.2,-15.6,-108.8,3.7,4.3,31/0,RTT,65,94,79,105
2018-01-03 00:49:23.250,-113.6,-16.9,-110,3.3,4.2,31/0,RTT,65,94,79,105
2018-01-03 00:49:23.775,-113.7,-17,-109.8,3.5,5.5,31/0,RTT,65,94,79,105
2018-01-03 00:49:24.235,-113.7,-17,-109.8,3.5,5.5,31/0,RTT,65,94,79,90
2018-01-03 00:49:25.220,-113.7,-17,-110,3.5,5.1,31/0,RTT,65,94,79,90
2018-01-03 00:49:25.320,-113.7,-17,-110,3.5,5.1,31/0,RTT,65,94,79,102
2018-01-03 00:49:26.220,-113.7,-17,-110,3.5,5.1,31/0,RTT,65,94,79,63
2018-01-03 00:49:26.225,-113.7,-17,-110,3.5,5.1,31/0,RTT,65,94,79,0
2018-01-03 00:49:26.230,-113.7,-17,-110,3.5,5.1,32/0,RTT,65,94,79,0
2018-01-03 00:49:27.220,-113.7,-17,-110,3.5,5.1,32/0,RTT,65,94,79,52
2018-01-03 00:49:28.260,-113.7,-17,-110,3.5,5.1,32/0,RTT,65,94,79,66
2018-01-03 00:49:29.235,-113.7,-17,-110,3.5,5.1,32/0,RTT,65,94,79,50
2018-01-03 00:49:30.255,-113.7,-17,-110,3.5,5.1,32/0,RTT,65,94,79,91
2018-01-03 00:49:31.165,-113.7,-17,-110,3.5,5.1,32/0,RTT,65,94,79,48
2018-01-03 00:49:32.335,-113.7,-17,-110,3.5,5.1,32/0,RTT,65,94,79,88
2018-01-03 00:49:33.355,-113.7,-17,-110,3.5,5.1,32/0,RTT,65,94,79,101
2018-01-03 00:49:34.185,-113.7,-17,-110,3.5,5.1,32/0,RTT,65,94,79,59
2018-01-03 00:49:35.160,-113.7,-17,-110,3.5,5.1,32/0,RTT,65,94,79,42
2018-01-03 00:49:36.185,-113.7,-17,-110,3.5,5.1,32/0,RTT,65,94,79,66
2018-01-03 00:49:36.195,-113.7,-17,-110,3.5,5.1,32/0,RTT,65,94,79,0
2018-01-03 00:49:36.205,-113.7,-17,-110,3.5,5.1,33/0,RTT,65,94,79,0
2018-01-03 00:49:37.135,-113.7,-17,-110,3.5,5.1,33/0,RTT,65,94,79,56
2018-01-03 00:49:38.185,-113.7,-17,-110,3.5,5.1,33/0,RTT,65,94,79,100
2018-01-03 00:49:39.175,-113.7,-17,-110,3.5,5.1,33/0,RTT,65,94,79,78
2018-01-03 00:49:40.190,-113.7,-17,-110,3.5,5.1,33/0,RTT,65,94,79,92
2018-01-03 00:49:42.150,-113.7,-17,-110,3.5,5.1,33/0,RTT,65,94,79,63
2018-01-03 00:49:43.190,-113.7,-17,-110,3.5,5.1,33/0,RTT,65,94,79,101
2018-01-03 00:49:44.200,-113.7,-17,-110,3.5,5.1,33/0,RTT,65,94,79,62
2018-01-03 00:49:45.170,-113.7,-17,-110,3.5,5.1,33/0,RTT,65,94,79,55
2018-01-03 00:49:45.990,-113.4,-16,-109.8,3.8,4.5,33/0,RTT,65,94,79,55
2018-01-03 00:49:46.160,-113.4,-16,-109.8,3.8,4.5,33/0,RTT,65,94,79,59
2018-01-03 00:49:46.240,-113.4,-16,-109.8,3.8,4.5,33/0,RTT,65,94,79,0
2018-01-03 00:49:46.245,-113.4,-16,-109.8,3.8,4.5,34/0,RTT,65,94,79,0
2018-01-03 00:49:46.310,-111.7,-25,-107.2,5,3.1,34/0,RTT,65,94,79,0
2018-01-03 00:49:47.230,-111.7,-25,-107.2,5,3.1,34/0,RTT,65,94,79,115
2018-01-03 00:49:48.225,-111.7,-25,-107.2,5,3.1,34/0,RTT,65,94,79,91
2018-01-03 00:49:49.165,-111.7,-25,-107.2,5,3.1,34/0,RTT,65,94,79,51
2018-01-03 00:49:49.350,-111.7,-12.7,-98,5.4,6,34/0,RTT,65,94,79,51
2018-01-03 00:49:49.860,-107.3,-8.9,-95.3,9.1,7.8,34/0,RTT,65,94,79,51
2018-01-03 00:49:50.275,-107.3,-8.9,-95.3,9.1,7.8,34/0,RTT,65,94,79,65
2018-01-03 00:49:50.290,-108.8,-11.7,-106,5.5,7.3,34/0,RTT,65,94,79,65
2018-01-03 00:49:51.185,-108.8,-11.7,-106,5.5,7.3,34/0,RTT,65,94,79,50
2018-01-03 00:49:52.295,-108.8,-11.7,-106,5.5,7.3,34/0,RTT,65,94,79,63
2018-01-03 00:49:52.380,-110.5,-4.2,-10,1.7,10,34/0,RTT,65,94,79,63
2018-01-03 00:49:53.250,-110.5,-4.2,-10,1.7,10,34/0,RTT,65,94,79,32
2018-01-03 00:49:53.755,-110.1,-4.1,-96.7,0.4,10.3,34/0,RTT,65,94,79,32
2018-01-03 00:49:54.255,-110.1,-4.1,-96.7,0.4,10.3,34/0,RTT,65,94,79,87
2018-01-03 00:49:54.260,-108.7,-8.9,-96.6,1,10.5,34/0,RTT,65,94,79,87
2018-01-03 00:49:55.330,-108.7,-8.9,-96.6,1,10.5,34/0,RTT,65,94,79,100
2018-01-03 00:49:56.275,-108.5,-3.6,-97.4,1.2,10.8,34/0,RTT,65,94,79,100
2018-01-03 00:49:56.300,-108.5,-3.6,-97.4,1.2,10.8,34/0,RTT,65,94,79,85
2018-01-03 00:49:56.300,-108.5,-3.6,-97.4,1.2,10.8,34/0,RTT,65,94,78,0
2018-01-03 00:49:56.305,-108.5,-3.6,-97.4,1.2,10.8,35/0,RTT,65,94,78,0
2018-01-03 00:49:56.745,-108.6,-6,-96.6,0.8,10.1,35/0,RTT,65,94,78,0
2018-01-03 00:49:57.270,-108.5,-4.9,-100.9,1.1,10.4,35/0,RTT,65,94,78,0
2018-01-03 00:49:57.310,-108.5,-4.9,-100.9,1.1,10.4,35/0,RTT,65,94,78,29
2018-01-03 00:49:58.160,-108.4,-3.2,-96.2,1.6,10.5,35/0,RTT,65,94,78,29
2018-01-03 00:49:58.380,-108.4,-3.2,-96.2,1.6,10.5,35/0,RTT,65,94,78,79
2018-01-03 00:49:58.510,-108.5,-28.7,-95.8,1.6,10.2,35/0,RTT,65,94,78,79
2018-01-03 00:49:59.375,-108.5,-28.7,-95.8,1.6,10.2,35/0,RTT,65,94,78,93
2018-01-03 00:49:59.380,-108.6,-5.5,-95.9,1.9,10.5,35/0,RTT,65,94,78,93
2018-01-03 00:50:00.360,-108.6,-5.5,-95.9,1.9,10.5,35/0,RTT,65,94,78,77
2018-01-03 00:50:01.90,-108.4,-3.3,-101.4,1.9,10.7,35/0,RTT,65,94,78,77
2018-01-03 00:50:01.385,-108.4,-3.3,-101.4,1.9,10.7,35/0,RTT,65,94,78,96
2018-01-03 00:50:01.585,-108.3,-23.1,-98.6,1.7,10.6,35/0,RTT,65,94,78,96
2018-01-03 00:50:02.65,-108.2,-1.4,-95.8,2.2,11.2,35/0,RTT,65,94,78,96
2018-01-03 00:50:02.370,-108.2,-1.4,-95.8,2.2,11.2,35/0,RTT,65,94,78,59
2018-01-03 00:50:03.360,-108.2,-1.4,-95.8,2.2,11.2,35/0,RTT,65,94,78,63
2018-01-03 00:50:04.340,-108.2,-1.4,-95.8,2.2,11.2,35/0,RTT,65,94,78,53
2018-01-03 00:50:05.385,-108.2,-1.4,-95.8,2.2,11.2,35/0,RTT,65,94,78,90
2018-01-03 00:50:06.445,-108.2,-1.4,-95.8,2.2,11.2,35/0,RTT,65,94,78,98
2018-01-03 00:50:06.445,-108.2,-1.4,-95.8,2.2,11.2,35/0,RTT,65,94,78,0
2018-01-03 00:50:06.460,-108.2,-1.4,-95.8,2.2,11.2,36/0,RTT,65,94,78,0
2018-01-03 00:50:07.460,-108.2,-1.4,-95.8,2.2,11.2,36/0,RTT,65,94,78,95
2018-01-03 00:50:08.440,-108.2,-1.4,-95.8,2.2,11.2,36/0,RTT,65,94,78,72
2018-01-03 00:50:09.110,-108.5,-3.3,-96.7,1.7,10.7,36/0,RTT,65,94,78,72
2018-01-03 00:50:09.430,-108.5,-3.3,-96.7,1.7,10.7,36/0,RTT,65,94,78,61
2018-01-03 00:50:09.770,-108.6,-1.7,-96,0.7,9.7,36/0,RTT,65,94,78,61
2018-01-03 00:50:10.425,-108.6,-1.7,-96,0.7,9.7,36/0,RTT,65,94,78,51
2018-01-03 00:50:10.465,-108.6,-6.5,-97.9,0.9,9.5,36/0,RTT,65,94,78,51
2018-01-03 00:50:10.710,-108.6,-5.2,-102.7,1.8,10.2,36/0,RTT,65,94,78,51
2018-01-03 00:50:11.485,-108.6,-5.2,-102.7,1.8,10.2,36/0,RTT,65,94,78,97
2018-01-03 00:50:11.550,-108.5,-5.1,-95.7,1.7,9.1,36/0,RTT,65,94,78,97
2018-01-03 00:50:12.420,-108.5,-5.1,-95.7,1.7,9.1,36/0,RTT,65,94,78,49
2018-01-03 00:50:12.495,-108.5,-4.6,-100.9,2.2,9.9,36/0,RTT,65,94,78,49
2018-01-03 00:50:13.505,-108.5,-4.6,-100.9,2.2,9.9,36/0,RTT,65,94,78,86
2018-01-03 00:50:13.735,-109.1,-5.2,-96.4,3.4,9.7,36/0,RTT,65,94,78,86
2018-01-03 00:50:14.210,-108.1,-3.2,-108.5,8,11.2,36/0,RTT,65,94,78,86
2018-01-03 00:50:14.500,-108.1,-3.2,-108.5,8,11.2,36/0,RTT,65,94,78,95
2018-01-03 00:50:14.790,-107,-2.8,-107.9,10.2,9.9,36/0,RTT,65,94,78,95
2018-01-03 00:50:15.355,-102.2,-3.2,-82.1,14.1,9.4,36/0,RTT,65,94,78,95
2018-01-03 00:50:15.645,-102.2,-3.2,-82.1,14.1,9.4,36/0,RTT,65,94,78,86
2018-01-03 00:50:15.945,-102.3,-4.1,-94.7,11.9,10,36/0,RTT,65,94,78,86
2018-01-03 00:50:16.160,-103.2,-4.2,-96.7,10.9,11.2,36/0,RTT,65,94,78,86
2018-01-03 00:50:16.460,-103.2,-4.2,-96.7,10.9,11.2,36/0,RTT,65,94,78,85
2018-01-03 00:50:16.490,-103.2,-4.2,-96.7,10.9,11.2,36/0,RTT,65,94,78,0
2018-01-03 00:50:16.495,-103.2,-4.2,-96.7,10.9,11.2,37/0,RTT,65,94,78,0
2018-01-03 00:50:16.785,-103.1,-2.6,-100.5,12.1,12.1,37/0,RTT,65,94,78,0
2018-01-03 00:50:17.390,-103.1,-2.6,-100.5,12.1,12.1,37/0,RTT,65,94,78,80
2018-01-03 00:50:17.590,-103,-10.2,-82.7,12.9,11.8,37/0,RTT,65,94,78,80
2018-01-03 00:50:18.230,-103.7,-7,-87.2,11.5,11.3,37/0,RTT,65,94,78,80
2018-01-03 00:50:18.390,-103.7,-7,-87.2,11.5,11.3,37/0,RTT,65,94,78,79
2018-01-03 00:50:18.710,-104.2,-4.4,-92.2,11.4,12.2,37/0,RTT,65,94,78,79
2018-01-03 00:50:19.225,-104.6,-6.5,-102.7,10.6,8.5,37/0,RTT,65,94,78,79
2018-01-03 00:50:19.400,-104.6,-6.5,-102.7,10.6,8.5,37/0,RTT,65,94,78,96
2018-01-03 00:50:19.715,-104.9,-9.9,-98.3,8.3,7.5,37/0,RTT,65,94,78,96
2018-01-03 00:50:20.315,-103.8,-7.2,-98.2,9.7,7.1,37/0,RTT,65,94,78,96
2018-01-03 00:50:20.340,-103.8,-7.2,-98.2,9.7,7.1,37/0,RTT,65,94,78,35
2018-01-03 00:50:20.635,-103.6,-5.2,-98.5,10.9,8.4,37/0,RTT,65,94,78,35
2018-01-03 00:50:21.420,-104.3,-4.7,-103.2,11.1,7.6,37/0,RTT,65,94,78,35
2018-01-03 00:50:21.425,-104.3,-4.7,-103.2,11.1,7.6,37/0,RTT,65,94,78,95
2018-01-03 00:50:21.905,-104.3,-6.3,-86.2,9.3,5.3,37/0,RTT,65,94,78,95
2018-01-03 00:50:22.400,-104.3,-6.3,-86.2,9.3,5.3,37/0,RTT,65,94,78,94
2018-01-03 00:50:22.465,-104.3,-6.9,-98.8,9.4,6.1,37/0,RTT,65,94,78,94
2018-01-03 00:50:22.975,-104.3,-8.6,-97.8,7.2,4,37/0,RTT,65,94,78,94
2018-01-03 00:50:23.360,-104.3,-8.6,-97.8,7.2,4,37/0,RTT,65,94,78,52
2018-01-03 00:50:23.445,-104.3,-6.8,-94.3,10.5,7.5,37/0,RTT,65,94,78,52
2018-01-03 00:50:23.985,-103.8,-5.9,-98.6,11.2,8.6,37/0,RTT,65,94,78,52
2018-01-03 00:50:24.400,-103.8,-5.9,-98.6,11.2,8.6,37/0,RTT,65,94,78,90
2018-01-03 00:50:24.630,-103.8,-4.1,-87.4,12.2,9.3,37/0,RTT,65,94,78,90
2018-01-03 00:50:25.180,-103.6,-8.3,-89.4,12.3,9.6,37/0,RTT,65,94,78,90
2018-01-03 00:50:25.400,-103.6,-8.3,-89.4,12.3,9.6,37/0,RTT,65,94,78,89
2018-01-03 00:50:25.605,-103.8,-12.5,-87.1,11.5,9.2,37/0,RTT,65,94,78,89
2018-01-03 00:50:26.270,-103.5,-3.4,-101.6,12.5,10.1,37/0,RTT,65,94,78,89
2018-01-03 00:50:26.370,-103.5,-3.4,-101.6,12.5,10.1,37/0,RTT,65,94,78,49
2018-01-03 00:50:26.450,-103.5,-3.4,-101.6,12.5,10.1,37/0,RTT,65,94,78,0
2018-01-03 00:50:26.460,-103.5,-3.4,-101.6,12.5,10.1,38/0,RTT,65,94,78,0
2018-01-03 00:50:26.720,-103.6,-4.3,-97.8,11.1,8.8,38/0,RTT,65,94,78,0
2018-01-03 00:50:27.370,-104.2,-6.4,-99.6,11.7,9,38/0,RTT,65,94,78,0
2018-01-03 00:50:27.400,-104.2,-6.4,-99.6,11.7,9,38/0,RTT,65,94,78,57
2018-01-03 00:50:27.670,-104.1,-8.2,-92.4,11.9,9.2,38/0,RTT,65,94,78,57
2018-01-03 00:50:28.440,-104.1,-8.2,-92.4,11.9,9.2,38/0,RTT,65,94,78,96
2018-01-03 00:50:28.480,-104.1,-5.5,-92.7,12.2,9.2,38/0,RTT,65,94,78,96
2018-01-03 00:50:28.975,-104.3,-4.6,-104.3,11.7,8.9,38/0,RTT,65,94,78,96
2018-01-03 00:50:29.450,-104.3,-4.6,-104.3,11.7,8.9,38/0,RTT,65,94,78,94
2018-01-03 00:50:29.545,-103.9,-3.5,-102.5,11.6,9.4,38/0,RTT,65,94,78,94
2018-01-03 00:50:30.15,-104,-4,-86.6,12.1,11,38/0,RTT,65,94,78,94
2018-01-03 00:50:30.535,-104.5,-7.3,-100,10.3,10,38/0,RTT,65,94,78,94
2018-01-03 00:50:31.30,-104.3,-5.7,-99.7,11.1,11.3,38/0,RTT,65,94,78,94
2018-01-03 00:50:31.445,-104.3,-5.7,-99.7,11.1,11.3,38/0,RTT,65,94,78,93
2018-01-03 00:50:31.630,-103.6,-2,-104.2,12.2,12.2,38/0,RTT,65,94,78,93
2018-01-03 00:50:32.240,-103.3,-8.8,-82.8,11.9,10.9,38/0,RTT,65,94,78,93
2018-01-03 00:50:32.450,-103.3,-8.8,-82.8,11.9,10.9,38/0,RTT,65,94,78,99
2018-01-03 00:50:32.630,-103.5,-5.6,-97.7,12.7,9.7,38/0,RTT,65,94,78,99
2018-01-03 00:50:33.270,-103,-3.8,-91.2,13.2,10.8,38/0,RTT,65,94,78,99
2018-01-03 00:50:33.465,-103,-3.8,-91.2,13.2,10.8,38/0,RTT,65,94,78,100
2018-01-03 00:50:33.750,-103.6,-7.5,-97.8,12.2,10.9,38/0,RTT,65,94,78,100
2018-01-03 00:50:34.440,-103.6,-7.5,-97.8,12.2,10.9,38/0,RTT,65,94,78,90
2018-01-03 00:50:34.545,-104.8,-4.8,-105,11,12.7,38/0,RTT,65,94,78,90
2018-01-03 00:50:35.25,-104.6,-6.7,-102.1,10.8,12,38/0,RTT,65,94,78,90
2018-01-03 00:50:35.405,-104.6,-6.7,-102.1,10.8,12,38/0,RTT,65,94,78,49
2018-01-03 00:50:35.525,-104.9,-5.1,-104.9,9.9,11.3,38/0,RTT,65,94,78,49
2018-01-03 00:50:36.35,-104.9,-9.8,-97.2,7.6,10.5,38/0,RTT,65,94,78,49
2018-01-03 00:50:36.465,-104.9,-9.8,-97.2,7.6,10.5,38/0,RTT,65,94,78,87
2018-01-03 00:50:36.540,-104.9,-9.8,-97.2,7.6,10.5,38/0,RTT,65,94,78,0
2018-01-03 00:50:36.555,-104.9,-9.8,-97.2,7.6,10.5,39/0,RTT,65,94,78,0
2018-01-03 00:50:36.595,-105,-7.8,-102.2,10.1,12.1,39/0,RTT,65,94,78,0
2018-01-03 00:50:37.125,-105.3,-10.4,-100.4,10.8,13,39/0,RTT,65,94,78,0
2018-01-03 00:50:37.460,-105.3,-10.4,-100.4,10.8,13,39/0,RTT,65,94,78,79
2018-01-03 00:50:37.665,-105.2,-8.5,-102.6,11,13,39/0,RTT,65,94,78,79
2018-01-03 00:50:38.230,-105.1,-8.6,-100.9,10,11.6,39/0,RTT,65,94,78,79
2018-01-03 00:50:38.470,-105.1,-8.6,-100.9,10,11.6,39/0,RTT,65,94,78,86
2018-01-03 00:50:38.875,-105.2,-7.5,-103.8,10.7,11.8,39/0,RTT,65,94,78,86
2018-01-03 00:50:39.480,-105.2,-7.5,-103.8,10.7,11.8,39/0,RTT,65,94,78,95
2018-01-03 00:50:40.260,-107.4,-2.7,-98.7,5.9,11.5,39/0,RTT,65,94,78,95
2018-01-03 00:50:40.740,-107,-6.1,-89.6,8.4,10.4,39/0,RTT,65,94,78,95
2018-01-03 00:50:41.290,-103.3,-10.4,-83.4,11.6,9.5,39/0,RTT,65,94,78,95
2018-01-03 00:50:41.505,-103.3,-10.4,-83.4,11.6,9.5,39/0,RTT,65,94,78,101
2018-01-03 00:50:41.785,-104,-24.4,-81.5,12.4,12.4,39/0,RTT,65,94,78,101
2018-01-03 00:50:42.295,-104.9,-3.1,-86.9,11.3,14.1,39/0,RTT,65,94,78,101
2018-01-03 00:50:42.440,-104.9,-3.1,-86.9,11.3,14.1,39/0,RTT,65,94,78,51
2018-01-03 00:50:42.760,-104.8,-1.8,-103.8,10.5,14.6,39/0,RTT,65,94,78,51
2018-01-03 00:50:43.485,-104.8,-1.8,-103.8,10.5,14.6,39/0,RTT,65,94,78,91
2018-01-03 00:50:43.570,-105.2,-1.3,-106.5,11.2,14.4,39/0,RTT,65,94,78,91
2018-01-03 00:50:44.40,-105.9,-2.3,-104.1,9.1,14.5,39/0,RTT,65,94,78,91
2018-01-03 00:50:44.445,-105.9,-2.3,-104.1,9.1,14.5,39/0,RTT,65,94,78,51
2018-01-03 00:50:44.640,-106.6,-2.8,-107.7,9.8,14.1,39/0,RTT,65,94,78,51
2018-01-03 00:50:45.105,-106.8,-1.3,-105.3,9.6,13.6,39/0,RTT,65,94,78,51
2018-01-03 00:50:45.485,-106.8,-1.3,-105.3,9.6,13.6,39/0,RTT,65,94,78,88
2018-01-03 00:50:45.690,-106.6,-2.2,-105,9.8,13.9,39/0,RTT,65,94,78,88
2018-01-03 00:50:46.155,-106.5,-1.4,-100.5,10.4,14.2,39/0,RTT,65,94,78,88
2018-01-03 00:50:46.535,-106.5,-1.4,-100.5,10.4,14.2,39/0,RTT,65,94,79,0
2018-01-03 00:50:46.560,-106.5,-1.4,-100.5,10.4,14.2,40/0,RTT,65,94,79,0
2018-01-03 00:50:46.745,-106.4,-1.3,-106.2,9.4,13.3,40/0,RTT,65,94,79,0
2018-01-03 00:50:47.225,-106.3,-1.3,-107.5,9.3,13.2,40/0,RTT,65,94,79,0
2018-01-03 00:50:47.600,-106.3,-1.3,-107.5,9.3,13.2,40/0,RTT,65,94,79,84
2018-01-03 00:50:47.745,-106.4,-1.9,-107.9,9.6,13.6,40/0,RTT,65,94,79,84
2018-01-03 00:50:48.275,-105.4,-0.9,-103.1,10,13.7,40/0,RTT,65,94,79,84
2018-01-03 00:50:48.580,-105.4,-0.9,-103.1,10,13.7,40/0,RTT,65,94,79,103
2018-01-03 00:50:48.815,-105,-0.9,-106.2,11,14.5,40/0,RTT,65,94,79,103
2018-01-03 00:50:49.520,-105,-0.9,-106.2,11,14.5,40/0,RTT,65,94,79,43
2018-01-03 00:50:49.700,-106.3,-4.4,-108.8,9.9,10.5,40/0,RTT,65,94,79,43
2018-01-03 00:50:50.85,-106.4,-8.4,-104.1,9,9.1,40/0,RTT,65,94,79,43
2018-01-03 00:50:50.520,-106.4,-8.4,-104.1,9,9.1,40/0,RTT,65,94,79,42
2018-01-03 00:50:50.715,-107.3,-7.2,-91.7,7.5,9.1,40/0,RTT,65,94,79,42
2018-01-03 00:50:51.360,-105.1,-7.2,-95.3,9.7,7.2,40/0,RTT,65,94,79,42
2018-01-03 00:50:51.565,-105.1,-7.2,-95.3,9.7,7.2,40/0,RTT,65,94,79,81
2018-01-03 00:50:52.0,-107.1,-8.7,-101.4,9.3,7.5,40/0,RTT,65,94,79,81
2018-01-03 00:50:52.580,-107.1,-8.7,-101.4,9.3,7.5,40/0,RTT,65,94,79,100
2018-01-03 00:50:52.615,-108.6,-8.4,-107.5,4.5,6.6,40/0,RTT,65,94,79,100
2018-01-03 00:50:52.960,-104.8,-3.8,-105.1,2.5,11.8,40/0,RTT,65,94,79,100
2018-01-03 00:50:53.555,-104.8,-3.8,-105.1,2.5,11.8,40/0,RTT,65,94,79,80
2018-01-03 00:50:53.685,-104.1,-1.2,-104.9,8.3,14.1,40/0,RTT,65,94,79,80
2018-01-03 00:50:54.220,-103.8,-4.9,-81.4,8.2,14,40/0,RTT,65,94,79,80
2018-01-03 00:50:54.560,-103.8,-4.9,-81.4,8.2,14,40/0,RTT,65,94,79,77
2018-01-03 00:50:54.865,-104.4,-4.7,-102.9,9.7,14.1,40/0,RTT,65,94,79,77
2018-01-03 00:50:55.355,-103.4,-27.8,-76.7,7.5,13,40/0,RTT,65,94,79,77
2018-01-03 00:50:55.570,-103.4,-27.8,-76.7,7.5,13,40/0,RTT,65,94,79,78
2018-01-03 00:50:55.840,-106.2,-13.5,-88.4,8.1,10.6,40/0,RTT,65,94,79,78
2018-01-03 00:50:56.355,-101,-7.2,-77.5,13.5,13.6,40/0,RTT,65,94,79,78
2018-01-03 00:50:56.645,-101,-7.2,-77.5,13.5,13.6,40/0,RTT,65,94,79,96
2018-01-03 00:50:56.655,-101,-7.2,-77.5,13.5,13.6,40/0,RTT,65,94,79,0
2018-01-03 00:50:56.730,-101,-7.2,-77.5,13.5,13.6,41/0,RTT,65,94,79,0
2018-01-03 00:50:56.785,-106.2,-9.9,-85.7,8.6,7.7,41/0,RTT,65,94,79,0
2018-01-03 00:50:57.425,-102.9,-24.2,-76.6,8.4,11,41/0,RTT,65,94,79,0
2018-01-03 00:50:57.745,-102.9,-24.2,-76.6,8.4,11,41/0,RTT,65,94,79,107
2018-01-03 00:50:58.0,-105.5,-7.5,-101.5,11.5,10.4,41/0,RTT,65,94,79,107
2018-01-03 00:50:58.565,-103.7,-2.3,-82.7,10,14.3,41/0,RTT,65,94,79,107
2018-01-03 00:50:58.680,-103.7,-2.3,-82.7,10,14.3,41/0,RTT,65,94,79,86
2018-01-03 00:50:59.130,-103.6,-2.2,-102.2,11.6,14.4,41/0,RTT,65,94,79,86
2018-01-03 00:50:59.345,-102.3,-3.2,-95.3,9.4,15.3,41/0,RTT,65,94,79,86
2018-01-03 00:50:59.690,-102.3,-3.2,-95.3,9.4,15.3,41/0,RTT,65,94,79,85
2018-01-03 00:50:59.985,-103.5,-2.1,-102,11.6,5.2,41/0,RTT,65,94,79,85
2018-01-03 00:51:00.750,-103.5,-2.1,-102,11.6,5.2,41/0,RTT,65,94,79,84
2018-01-03 00:51:00.790,-103.4,-1.8,-100.9,11.8,14,41/0,RTT,65,94,79,84
2018-01-03 00:51:01.270,-104.6,-3.5,-102.9,7.3,12.6,41/0,RTT,65,94,79,84
2018-01-03 00:51:01.710,-104.6,-3.5,-102.9,7.3,12.6,41/0,RTT,65,94,79,101
2018-01-03 00:51:01.790,-104.1,-2,-104.1,11.1,12.4,41/0,RTT,65,94,79,101
2018-01-03 00:51:02.340,-104.9,-2.6,-107.8,12.7,9.2,41/0,RTT,65,94,79,101
2018-01-03 00:51:02.800,-105.6,-3.7,-103.5,11.2,8.7,41/0,RTT,65,94,79,101
2018-01-03 00:51:02.820,-105.6,-3.7,-103.5,11.2,8.7,41/0,RTT,65,94,79,88
2018-01-03 00:51:03.680,-105.6,-3.7,-103.5,11.2,8.7,41/0,RTT,65,94,79,79
2018-01-03 00:51:03.840,-109.6,-6.8,-107.2,5.9,6.8,41/0,RTT,65,94,79,79
2018-01-03 00:51:04.300,-108.2,-8.6,-97.6,8.5,9.9,41/0,RTT,65,94,79,79
2018-01-03 00:51:04.680,-108.2,-8.6,-97.6,8.5,9.9,41/0,RTT,65,94,79,80
2018-01-03 00:51:04.865,-102.4,-1.3,-93.6,11.5,15,41/0,RTT,65,94,79,80
2018-01-03 00:51:05.370,-103.2,-0.9,-101.8,12,15.5,41/0,RTT,65,94,79,80
2018-01-03 00:51:05.705,-103.2,-0.9,-101.8,12,15.5,41/0,RTT,65,94,79,99
2018-01-03 00:51:05.845,-102.5,-0.2,-100.5,12,16.3,41/0,RTT,65,94,79,99
2018-01-03 00:51:06.390,-101.8,0,-74.9,10.7,14.9,41/0,RTT,65,94,79,99
2018-01-03 00:51:06.680,-101.8,0,-74.9,10.7,14.9,41/0,RTT,65,94,79,78
2018-01-03 00:51:06.715,-101.8,0,-74.9,10.7,14.9,41/0,RTT,65,94,79,0
2018-01-03 00:51:06.720,-101.8,0,-74.9,10.7,14.9,42/0,RTT,65,94,79,0
2018-01-03 00:51:06.865,-101.9,-3.8,-74.9,10.1,16,42/0,RTT,65,94,79,0
2018-01-03 00:51:07.420,-102.4,-0.6,-97.1,14.1,14.7,42/0,RTT,65,94,79,0
2018-01-03 00:51:07.720,-102.4,-0.6,-97.1,14.1,14.7,42/0,RTT,65,94,79,71
2018-01-03 00:51:08.65,-102.1,-3.9,-93.4,14.5,12.9,42/0,RTT,65,94,79,71
2018-01-03 00:51:08.330,-102.6,-10,-89.7,11.9,11.7,42/0,RTT,65,94,79,71
2018-01-03 00:51:08.770,-102.6,-10,-89.7,11.9,11.7,42/0,RTT,65,94,79,50
2018-01-03 00:51:08.990,-104.7,-0.6,-103.6,12.4,14.3,42/0,RTT,65,94,79,50
2018-01-03 00:51:09.600,-104.2,-4.1,-90.5,12.7,13.9,42/0,RTT,65,94,79,50
2018-01-03 00:51:09.820,-104.2,-4.1,-90.5,12.7,13.9,42/0,RTT,65,94,79,89
2018-01-03 00:51:09.970,-104.4,-3.4,-106.2,12.4,13.2,42/0,RTT,65,94,79,89
2018-01-03 00:51:10.545,-104.2,-2.5,-104.9,12.5,14.2,42/0,RTT,65,94,79,89
2018-01-03 00:51:10.800,-104.2,-2.5,-104.9,12.5,14.2,42/0,RTT,65,94,79,86
2018-01-03 00:51:11.195,-104,-6.5,-83.6,13.1,13.5,42/0,RTT,65,94,79,86
2018-01-03 00:51:11.510,-104,-7.4,-84.2,14.1,15.3,42/0,RTT,65,94,79,86
2018-01-03 00:51:11.905,-104,-7.4,-84.2,14.1,15.3,42/0,RTT,65,94,79,85
2018-01-03 00:51:12.155,-104.1,-22.1,-79.6,13,14.3,42/0,RTT,65,94,79,85
2018-01-03 00:51:12.770,-104.1,-22.1,-79.6,13,14.3,42/0,RTT,65,94,79,45
2018-01-03 00:51:12.875,-104,-3.4,-84.1,13.9,15.4,42/0,RTT,65,94,79,45
2018-01-03 00:51:13.130,-103.7,-0.4,-103.9,12.8,15.3,42/0,RTT,65,94,79,45
2018-01-03 00:51:13.745,-103.7,-0.4,-103.9,12.8,15.3,42/0,RTT,65,94,79,84
2018-01-03 00:51:13.925,-103.4,-4.3,-89.7,13.9,15.5,42/0,RTT,65,94,79,84
2018-01-03 00:51:14.495,-103,-0.9,-102.9,13.8,15.2,42/0,RTT,65,94,79,84
2018-01-03 00:51:14.750,-103,-0.9,-102.9,13.8,15.2,42/0,RTT,65,94,79,83
2018-01-03 00:51:14.985,-103,-1.1,-101.2,13.9,15.8,42/0,RTT,65,94,79,83
2018-01-03 00:51:15.545,-103.6,-1.5,-103.7,13.8,15.5,42/0,RTT,65,94,79,83
2018-01-03 00:51:15.720,-103.6,-1.5,-103.7,13.8,15.5,42/0,RTT,65,94,79,63
2018-01-03 00:51:15.995,-103.6,-4,-99.6,13.5,11.4,42/0,RTT,65,94,79,63
2018-01-03 00:51:16.625,-101.8,-1.6,-95.4,14.5,11.1,42/0,RTT,65,94,79,63
2018-01-03 00:51:16.750,-101.8,-1.6,-95.4,14.5,11.1,42/0,RTT,65,94,79,81
2018-01-03 00:51:16.765,-101.8,-1.6,-95.4,14.5,11.1,42/0,RTT,65,94,79,0
2018-01-03 00:51:16.815,-101.8,-1.6,-95.4,14.5,11.1,43/0,RTT,65,94,79,0
2018-01-03 00:51:17.20,-102.2,-6.7,-90.5,14.8,11.4,43/0,RTT,65,94,79,0
2018-01-03 00:51:17.585,-102.3,-1,-100.1,15.6,13.1,43/0,RTT,65,94,79,0
2018-01-03 00:51:17.785,-102.3,-1,-100.1,15.6,13.1,43/0,RTT,65,94,79,88
2018-01-03 00:51:18.250,-102.2,-2.7,-96.6,15.3,14.1,43/0,RTT,65,94,79,88
2018-01-03 00:51:18.565,-102.6,-9.9,-90.9,14.2,13.3,43/0,RTT,65,94,79,88
2018-01-03 00:51:18.820,-102.6,-9.9,-90.9,14.2,13.3,43/0,RTT,65,94,79,87
2018-01-03 00:51:19.205,-102.3,-2.5,-95.4,13.2,13,43/0,RTT,65,94,79,87
2018-01-03 00:51:19.780,-102.3,-2.5,-95.4,13.2,13,43/0,RTT,65,94,79,85
2018-01-03 00:51:19.865,-102.6,-2.3,-98.1,13.9,14.2,43/0,RTT,65,94,79,85
2018-01-03 00:51:20.145,-102.8,-3.2,-97.5,14.3,14.4,43/0,RTT,65,94,79,85
2018-01-03 00:51:20.950,-102.9,-1.9,-80.3,14.8,14.1,43/0,RTT,65,94,79,85
2018-01-03 00:51:21.440,-102.4,-10.3,-80.5,14.6,12.9,43/0,RTT,65,94,79,85
2018-01-03 00:51:21.815,-102.4,-10.3,-80.5,14.6,12.9,43/0,RTT,65,94,79,81
2018-01-03 00:51:21.980,-102.5,-11.3,-73.6,14.3,11.9,43/0,RTT,65,94,79,81
2018-01-03 00:51:22.470,-102.9,-8.9,-85.6,13.8,12,43/0,RTT,65,94,79,81
2018-01-03 00:51:22.760,-102.9,-8.9,-85.6,13.8,12,43/0,RTT,65,94,79,61
2018-01-03 00:51:22.955,-104,-9.8,-83.3,12.9,13.6,43/0,RTT,65,94,79,61
2018-01-03 00:51:23.505,-103.7,-2.5,-101.2,11.2,14,43/0,RTT,65,94,79,61
2018-01-03 00:51:23.775,-103.7,-2.5,-101.2,11.2,14,43/0,RTT,65,94,79,76
2018-01-03 00:51:23.995,-103.4,-1,-98.2,12.8,15.6,43/0,RTT,65,94,79,76
2018-01-03 00:51:24.740,-103.4,-1,-98.2,12.8,15.6,43/0,RTT,65,94,79,33
2018-01-03 00:51:24.790,-103.6,-0.8,-103.8,13.5,15.8,43/0,RTT,65,94,79,33
2018-01-03 00:51:25.265,-103.2,0,-104.4,12.9,16.2,43/0,RTT,65,94,79,33
2018-01-03 00:51:25.585,-102.8,-26.9,-74.7,11.9,15.3,43/0,RTT,65,94,79,33
2018-01-03 00:51:25.785,-102.8,-26.9,-74.7,11.9,15.3,43/0,RTT,65,94,79,79
2018-01-03 00:51:26.350,-102.7,-3.7,-76.2,12.6,15.7,43/0,RTT,65,94,79,79
2018-01-03 00:51:26.755,-102.7,-3.7,-76.2,12.6,15.7,43/0,RTT,65,94,79,36
2018-01-03 00:51:26.770,-102.7,-3.7,-76.2,12.6,15.7,43/0,RTT,65,94,79,0
2018-01-03 00:51:26.835,-102.2,-0.2,-100.1,12.5,16.7,43/0,RTT,65,94,79,0
2018-01-03 00:51:26.835,-102.2,-0.2,-100.1,12.5,16.7,44/0,RTT,65,94,79,0
2018-01-03 00:51:27.345,-105.7,-12.7,-84.4,9.2,9.3,44/0,RTT,65,94,79,0
2018-01-03 00:51:27.855,-106.3,-11.4,-100.8,10,10.6,44/0,RTT,65,94,79,0
2018-01-03 00:51:27.885,-106.3,-11.4,-100.8,10,10.6,44/0,RTT,65,94,79,52
2018-01-03 00:51:28.175,-107.5,-8,-107,9.3,9.8,44/0,RTT,65,94,79,52
2018-01-03 00:51:28.945,-107.5,-8,-107,9.3,9.8,44/0,RTT,65,94,79,93
2018-01-03 00:51:28.985,-107.2,-5.1,-107.1,9.3,6,44/0,RTT,65,94,79,93
2018-01-03 00:51:29.450,-107.3,-15.9,-96.8,9,8,44/0,RTT,65,94,79,93
2018-01-03 00:51:29.870,-107.3,-15.9,-96.8,9,8,44/0,RTT,65,94,79,53
2018-01-03 00:51:29.995,-103.8,-28,-75.7,11,12.9,44/0,RTT,65,94,79,53
2018-01-03 00:51:30.510,-100,0.2,-91.8,14.1,12.6,44/0,RTT,65,94,79,53
2018-01-03 00:51:30.905,-100,0.2,-91.8,14.1,12.6,44/0,RTT,65,94,79,52
2018-01-03 00:51:31.20,-101.9,-4.3,-92.8,13,7,44/0,RTT,65,94,79,52
2018-01-03 00:51:31.505,-105.2,-5.9,-106,10.4,3.4,44/0,RTT,65,94,79,52
2018-01-03 00:51:31.900,-105.2,-5.9,-106,10.4,3.4,44/0,RTT,65,94,79,90
2018-01-03 00:51:32.75,-106.9,-9.6,-100.9,7.3,5.5,44/0,RTT,65,94,79,90
2018-01-03 00:51:32.645,-107.5,-14.4,-106.6,6.7,4.5,44/0,RTT,65,94,79,90
2018-01-03 00:51:32.905,-107.5,-14.4,-106.6,6.7,4.5,44/0,RTT,65,94,79,89
2018-01-03 00:51:33.265,-107,-4.9,-104.9,10,2.7,44/0,RTT,65,94,79,89
2018-01-03 00:51:33.780,-107.2,-10.9,-103.9,10,-0.5,44/0,RTT,65,94,79,89
2018-01-03 00:51:33.900,-107.2,-10.9,-103.9,10,-0.5,44/0,RTT,65,94,79,87
2018-01-03 00:51:34.225,-107.2,-9.2,-104,11.2,1,44/0,RTT,65,94,79,87
2018-01-03 00:51:34.910,-107.2,-9.2,-104,11.2,1,44/0,RTT,65,94,79,86
2018-01-03 00:51:34.965,-107.2,-14.5,-93.7,10.7,1.4,44/0,RTT,65,94,79,86
2018-01-03 00:51:35.185,-106.7,-7.3,-98.7,11.1,-0.3,44/0,RTT,65,94,79,86
2018-01-03 00:51:35.890,-106.7,-7.3,-98.7,11.1,-0.3,44/0,RTT,65,94,79,65
2018-01-03 00:51:35.980,-107.3,-12.6,-106.5,7.8,-0.7,44/0,RTT,65,94,79,65
2018-01-03 00:51:36.470,-106.5,-7.1,-99.7,10.2,3.8,44/0,RTT,65,94,79,65
2018-01-03 00:51:36.950,-106.5,-7.1,-99.7,10.2,3.8,44/0,RTT,65,94,79,84
2018-01-03 00:51:36.960,-108.2,-10.5,-101.5,8.6,10,44/0,RTT,65,94,79,84
2018-01-03 00:51:36.970,-108.2,-10.5,-101.5,8.6,10,44/0,RTT,65,94,78,0
2018-01-03 00:51:36.975,-108.2,-10.5,-101.5,8.6,10,45/0,RTT,65,94,78,0
2018-01-03 00:51:37.595,-108.4,-20.6,-99,6.6,12.1,45/0,RTT,65,94,78,0
2018-01-03 00:51:38.75,-108.5,-10.2,-97.4,8.1,12.5,45/0,RTT,65,94,78,0
2018-01-03 00:51:38.90,-108.5,-10.2,-97.4,8.1,12.5,45/0,RTT,65,94,78,88
2018-01-03 00:51:38.385,-107.8,-8.2,-105.9,8.7,12.2,45/0,RTT,65,94,78,88
2018-01-03 00:51:39.85,-107.8,-8.2,-105.9,8.7,12.2,45/0,RTT,65,94,78,87
2018-01-03 00:51:39.205,-108.5,-5.2,-110,8.2,12.6,45/0,RTT,65,94,78,87
2018-01-03 00:51:40.40,-108.5,-5.2,-110,8.2,12.6,45/0,RTT,65,94,78,47
2018-01-03 00:51:40.625,-109.5,-5.1,-109.8,6.7,10.5,45/0,RTT,65,94,78,47
2018-01-03 00:51:41.80,-109.5,-5.1,-109.8,6.7,10.5,45/0,RTT,65,94,78,87
2018-01-03 00:51:41.130,-107.1,-9.9,-104.3,7.7,8,45/0,RTT,65,94,78,87
2018-01-03 00:51:41.585,-107.6,-11.3,-107,8.1,8.1,45/0,RTT,65,94,78,87
2018-01-03 00:51:42.130,-106.1,-4.7,-107,11,8,45/0,RTT,65,94,78,87
2018-01-03 00:51:42.135,-106.1,-4.7,-107,11,8,45/0,RTT,65,94,78,88
2018-01-03 00:51:42.650,-106,-7.1,-105.4,11.3,8.5,45/0,RTT,65,94,78,88
2018-01-03 00:51:43.85,-106,-7.1,-105.4,11.3,8.5,45/0,RTT,65,94,78,87
2018-01-03 00:51:43.145,-105,-7.1,-91.6,11.8,7.2,45/0,RTT,65,94,78,87
2018-01-03 00:51:43.590,-104.6,-2.9,-99.6,12.4,7.5,45/0,RTT,65,94,78,87
2018-01-03 00:51:44.80,-104.6,-2.9,-99.6,12.4,7.5,45/0,RTT,65,94,78,86
2018-01-03 00:51:44.160,-103.3,-3.7,-98.1,12.7,7.8,45/0,RTT,65,94,78,86
2018-01-03 00:51:44.705,-102.7,-3.3,-97.4,11.8,6.5,45/0,RTT,65,94,78,86
2018-01-03 00:51:45.90,-102.7,-3.3,-97.4,11.8,6.5,45/0,RTT,65,94,78,87
2018-01-03 00:51:45.200,-101.6,-6.4,-72.7,13.9,7.8,45/0,RTT,65,94,78,87
2018-01-03 00:51:45.465,-101.1,-10.3,-74.2,13.5,7.4,45/0,RTT,65,94,78,87
2018-01-03 00:51:46.40,-101.1,-10.3,-74.2,13.5,7.4,45/0,RTT,65,94,78,47
2018-01-03 00:51:46.240,-100.9,-7.3,-75.8,15,8.7,45/0,RTT,65,94,78,47
2018-01-03 00:51:46.705,-100.7,-7,-80.5,14.2,8,45/0,RTT,65,94,78,47
2018-01-03 00:51:47.80,-100.7,-7,-80.5,14.2,8,45/0,RTT,65,94,78,65
2018-01-03 00:51:47.85,-100.7,-7,-80.5,14.2,8,45/0,RTT,65,94,78,0
2018-01-03 00:51:47.110,-100.7,-7,-80.5,14.2,8,46/0,RTT,65,94,78,0
2018-01-03 00:51:47.345,-101.7,-4.1,-83.1,14,6.5,46/0,RTT,65,94,78,0
2018-01-03 00:51:47.840,-102,-4.1,-91.8,11.2,3.6,46/0,RTT,65,94,78,0
2018-01-03 00:51:48.100,-102,-4.1,-91.8,11.2,3.6,46/0,RTT,65,94,78,80
2018-01-03 00:51:48.340,-102,-3.2,-85.2,12.7,4.6,46/0,RTT,65,94,78,80
2018-01-03 00:51:48.785,-106.5,-6.8,-100.8,9.8,8.1,46/0,RTT,65,94,78,80
2018-01-03 00:51:49.110,-106.5,-6.8,-100.8,9.8,8.1,46/0,RTT,65,94,78,78
2018-01-03 00:51:49.275,-107.1,-4.9,-106.2,10.1,7.5,46/0,RTT,65,94,78,78
2018-01-03 00:51:50.0,-107.5,-8.5,-104.3,8.2,6.3,46/0,RTT,65,94,78,78
2018-01-03 00:51:50.120,-107.5,-8.5,-104.3,8.2,6.3,46/0,RTT,65,94,78,96
2018-01-03 00:51:50.620,-107.1,-6.6,-103.4,8.8,6.4,46/0,RTT,65,94,78,96
2018-01-03 00:51:51.150,-105.2,-4.3,-104.1,10.9,2.2,46/0,RTT,65,94,78,96
2018-01-03 00:51:51.195,-105.2,-4.3,-104.1,10.9,2.2,46/0,RTT,65,94,78,95
2018-01-03 00:51:51.510,-104.1,-1.9,-105.4,12.1,3.8,46/0,RTT,65,94,78,95
2018-01-03 00:51:52.120,-104.1,-1.9,-105.4,12.1,3.8,46/0,RTT,65,94,78,92
2018-01-03 00:51:52.310,-104.2,-3.4,-102,12.8,5.8,46/0,RTT,65,94,78,92
2018-01-03 00:51:52.860,-104.7,-3.3,-104.9,13.8,7.5,46/0,RTT,65,94,78,92
2018-01-03 00:51:53.340,-104.8,-2.4,-104.8,13.1,7.5,46/0,RTT,65,94,78,92
2018-01-03 00:51:53.890,-105.1,-7.1,-103.4,12.1,6.2,46/0,RTT,65,94,78,92
2018-01-03 00:51:54.415,-105.3,-8.3,-102.1,11.4,5.3,46/0,RTT,65,94,78,92
2018-01-03 00:51:54.725,-105.4,-6.5,-98.3,11.9,5.9,46/0,RTT,65,94,78,92
2018-01-03 00:51:55.80,-105.4,-6.5,-98.3,11.9,5.9,46/0,RTT,65,94,78,34
2018-01-03 00:51:55.345,-105.6,-5.9,-104.2,11.7,7.5,46/0,RTT,65,94,78,34
2018-01-03 00:51:56.105,-105.6,-5.9,-104.2,11.7,7.5,46/0,RTT,65,94,78,69
2018-01-03 00:51:56.150,-105.8,-6.5,-103.5,10.7,6.8,46/0,RTT,65,94,78,69
2018-01-03 00:51:56.630,-106.2,-4.3,-108.6,11.4,9.3,46/0,RTT,65,94,78,69
2018-01-03 00:51:57.155,-106.2,-4.3,-108.6,11.4,9.3,46/0,RTT,65,94,78,87
2018-01-03 00:51:57.160,-105.8,-5,-104.2,11.9,9.2,46/0,RTT,65,94,78,87
2018-01-03 00:51:57.190,-105.8,-5,-104.2,11.9,9.2,46/0,RTT,65,94,78,0
2018-01-03 00:51:57.235,-105.8,-5,-104.2,11.9,9.2,47/0,RTT,65,94,78,0
2018-01-03 00:51:57.645,-106.2,-11,-103,11.3,8.7,47/0,RTT,65,94,78,0
2018-01-03 00:51:57.955,-105.7,-4.6,-107,12,8.3,47/0,RTT,65,94,78,0
2018-01-03 00:51:58.245,-105.7,-4.6,-107,12,8.3,47/0,RTT,65,94,78,87
2018-01-03 00:51:59.250,-105.7,-4.6,-107,12,8.3,47/0,RTT,65,94,78,86
2018-01-03 00:52:00.185,-105.7,-4.6,-107,12,8.3,47/0,RTT,65,94,78,30
2018-01-03 00:52:00.415,-110.2,-9.1,-107.2,7.1,8.6,47/0,RTT,65,94,78,30
2018-01-03 00:52:00.915,-110.3,-24.4,-104.1,6.4,8,47/0,RTT,65,94,78,30
2018-01-03 00:52:01.270,-110.3,-24.4,-104.1,6.4,8,47/0,RTT,65,94,78,112
2018-01-03 00:52:01.385,-108.9,-24.6,-97.6,8.3,11.8,47/0,RTT,65,94,78,112
2018-01-03 00:52:01.905,-107.7,-14.7,-94.3,8.6,12,47/0,RTT,65,94,78,112
2018-01-03 00:52:02.270,-107.7,-14.7,-94.3,8.6,12,47/0,RTT,65,94,78,111
2018-01-03 00:52:02.370,-107.7,-28.9,-92.7,6,12.2,47/0,RTT,65,94,78,111
2018-01-03 00:52:02.875,-108.2,-3.4,-108.7,6.2,12.2,47/0,RTT,65,94,78,111
2018-01-03 00:52:03.245,-108.2,-3.4,-108.7,6.2,12.2,47/0,RTT,65,94,78,82
2018-01-03 00:52:03.430,-108.1,-12.9,-105.4,7.8,8.1,47/0,RTT,65,94,78,82
2018-01-03 00:52:03.975,-106.8,-5.5,-103.6,10.1,7.9,47/0,RTT,65,94,78,82
2018-01-03 00:52:04.260,-106.8,-5.5,-103.6,10.1,7.9,47/0,RTT,65,94,78,94
2018-01-03 00:52:04.490,-103.2,-3.1,-100.5,12.4,9.7,47/0,RTT,65,94,78,94
2018-01-03 00:52:05.70,-107,-25,-94.2,7.5,11,47/0,RTT,65,94,78,94
2018-01-03 00:52:05.215,-107,-25,-94.2,7.5,11,47/0,RTT,65,94,78,53
2018-01-03 00:52:05.460,-107.5,-3.1,-95.7,9.5,12,47/0,RTT,65,94,78,53
2018-01-03 00:52:06.65,-108,-6.5,-109.5,9.4,11,47/0,RTT,65,94,78,53
2018-01-03 00:52:06.230,-108,-6.5,-109.5,9.4,11,47/0,RTT,65,94,78,67
2018-01-03 00:52:06.535,-106,-5.5,-103.4,10.5,3.4,47/0,RTT,65,94,78,67
2018-01-03 00:52:07.255,-105.2,-5.3,-104.8,11.3,9.2,47/0,RTT,65,94,78,67
2018-01-03 00:52:07.270,-105.2,-5.3,-104.8,11.3,9.2,47/0,RTT,65,94,78,50
2018-01-03 00:52:07.270,-105.2,-5.3,-104.8,11.3,9.2,47/0,RTT,65,94,78,0
2018-01-03 00:52:07.280,-105.2,-5.3,-104.8,11.3,9.2,48/0,RTT,65,94,78,0
2018-01-03 00:52:07.430,-103.7,-3.3,-102.6,11.9,7.7,48/0,RTT,65,94,78,0
2018-01-03 00:52:08.285,-103.7,-3.3,-102.6,11.9,7.7,48/0,RTT,65,94,78,107
2018-01-03 00:52:08.835,-108.5,-9.7,-106,7.8,6.4,48/0,RTT,65,94,78,107
2018-01-03 00:52:09.280,-108.5,-9.7,-106,7.8,6.4,48/0,RTT,65,94,78,96
2018-01-03 00:52:09.350,-105.4,-5.1,-105.5,10.2,7,48/0,RTT,65,94,78,96
2018-01-03 00:52:09.780,-107,-8.9,-107.2,8.1,5.8,48/0,RTT,65,94,78,96
2018-01-03 00:52:10.245,-105,-6.1,-101,9.7,4.7,48/0,RTT,65,94,78,96
2018-01-03 00:52:10.275,-105,-6.1,-101,9.7,4.7,48/0,RTT,65,94,78,86
2018-01-03 00:52:10.855,-104.6,-5.3,-103.2,10.8,7.1,48/0,RTT,65,94,78,86
2018-01-03 00:52:11.270,-104.6,-5.3,-103.2,10.8,7.1,48/0,RTT,65,94,78,95
2018-01-03 00:52:11.365,-104.6,-4,-103.4,11.7,9.8,48/0,RTT,65,94,78,95
2018-01-03 00:52:11.650,-104.6,-4.1,-105.9,11.6,7.3,48/0,RTT,65,94,78,95
2018-01-03 00:52:12.235,-104.6,-4.1,-105.9,11.6,7.3,48/0,RTT,65,94,78,55
2018-01-03 00:52:12.375,-105.8,-5.1,-103.5,10.9,6.7,48/0,RTT,65,94,78,55
2018-01-03 00:52:12.660,-104.8,-3.5,-107.2,10.9,4.6,48/0,RTT,65,94,78,55
2018-01-03 00:52:13.285,-104.8,-3.5,-107.2,10.9,4.6,48/0,RTT,65,94,78,93
2018-01-03 00:52:13.345,-106.5,-6.8,-104.5,9.9,5.5,48/0,RTT,65,94,78,93
2018-01-03 00:52:13.595,-106.6,-4,-109.8,10.6,6.3,48/0,RTT,65,94,78,93
2018-01-03 00:52:14.260,-106.6,-4,-109.8,10.6,6.3,48/0,RTT,65,94,78,52
2018-01-03 00:52:14.420,-104.8,-2.5,-107.3,13.2,5.8,48/0,RTT,65,94,78,52
2018-01-03 00:52:14.865,-104.9,-3.3,-106.7,12.9,5.8,48/0,RTT,65,94,78,52
2018-01-03 00:52:15.220,-104.9,-3.3,-106.7,12.9,5.8,48/0,RTT,65,94,78,42
2018-01-03 00:52:15.430,-105.6,-5.2,-103.6,11.2,4.8,48/0,RTT,65,94,78,42
2018-01-03 00:52:15.940,-108.6,-25.2,-101,6.1,5.3,48/0,RTT,65,94,78,42
2018-01-03 00:52:16.265,-108.6,-25.2,-101,6.1,5.3,48/0,RTT,65,94,78,80
2018-01-03 00:52:16.425,-108.1,-14.2,-99.2,7.4,6.5,48/0,RTT,65,94,78,80
2018-01-03 00:52:16.940,-107.8,-23.9,-98.2,8.4,7.4,48/0,RTT,65,94,78,80
2018-01-03 00:52:17.280,-107.8,-23.9,-98.2,8.4,7.4,48/0,RTT,65,94,78,89
2018-01-03 00:52:17.305,-107.8,-23.9,-98.2,8.4,7.4,48/0,RTT,65,94,78,0
2018-01-03 00:52:17.390,-107.8,-23.9,-98.2,8.4,7.4,49/0,RTT,65,94,78,0
2018-01-03 00:52:17.450,-104.5,-17,-88.2,12.4,10.5,49/0,RTT,65,94,78,0
2018-01-03 00:52:17.925,-104.3,-22.4,-86.4,12.8,11.3,49/0,RTT,65,94,78,0
2018-01-03 00:52:18.345,-104.3,-22.4,-86.4,12.8,11.3,49/0,RTT,65,94,78,86
2018-01-03 00:52:18.455,-107.9,-5.8,-99.9,6.9,10.2,49/0,RTT,65,94,78,86
2018-01-03 00:52:19.45,-107.1,-6,-97.8,9.3,9.9,49/0,RTT,65,94,78,86
2018-01-03 00:52:19.330,-107.1,-6,-97.8,9.3,9.9,49/0,RTT,65,94,78,65
2018-01-03 00:52:19.550,-105.8,-5,-106.1,11.7,8.6,49/0,RTT,65,94,78,65
2018-01-03 00:52:20.375,-105.8,-5,-106.1,11.7,8.6,49/0,RTT,65,94,78,114
2018-01-03 00:52:20.795,-111,-6.6,-11,6,7.8,49/0,RTT,65,94,78,114
2018-01-03 00:52:21.305,-111,-6.6,-11,6,7.8,49/0,RTT,65,94,78,49
2018-01-03 00:52:21.965,-114.3,-10.4,-12.2,2.9,5.7,49/0,RTT,65,94,78,49
2018-01-03 00:52:22.345,-114.3,-10.4,-12.2,2.9,5.7,49/0,RTT,65,94,78,84
2018-01-03 00:52:22.455,-114.8,-11.4,-12.5,1.9,5.1,49/0,RTT,65,94,78,84
2018-01-03 00:52:22.995,-114.8,-11.9,-11.8,1.5,5.2,49/0,RTT,65,94,78,84
2018-01-03 00:52:23.360,-114.8,-11.9,-11.8,1.5,5.2,49/0,RTT,65,94,78,92
2018-01-03 00:52:23.480,-114.9,-10.1,-12.6,0.3,6,49/0,RTT,65,94,78,92
2018-01-03 00:52:24.0,-115.2,-11.2,-14,-0.2,5,49/0,RTT,65,94,78,92
2018-01-03 00:52:24.355,-115.2,-11.2,-14,-0.2,5,49/0,RTT,65,94,78,81
2018-01-03 00:52:24.550,-115.2,-11.2,-11.2,0,5,49/0,RTT,65,94,78,81
2018-01-03 00:52:25.95,-114.8,-9.7,-10.7,-0.2,6.5,49/0,RTT,65,94,78,81
2018-01-03 00:52:25.355,-114.8,-9.7,-10.7,-0.2,6.5,49/0,RTT,65,94,78,89
2018-01-03 00:52:25.540,-114.6,-10.5,-14.8,1.9,6.2,49/0,RTT,65,94,78,89
2018-01-03 00:52:26.250,-114.8,-10,-10.5,-1.3,5.3,49/0,RTT,65,94,78,89
2018-01-03 00:52:26.310,-114.8,-10,-10.5,-1.3,5.3,49/0,RTT,65,94,78,48
2018-01-03 00:52:27.345,-114.8,-10,-10.5,-1.3,5.3,49/0,RTT,65,94,78,57
2018-01-03 00:52:27.375,-114.8,-10,-10.5,-1.3,5.3,49/0,RTT,65,94,78,0
2018-01-03 00:52:27.390,-114.8,-10,-10.5,-1.3,5.3,50/0,RTT,65,94,78,0
2018-01-03 00:52:28.425,-114.8,-10,-10.5,-1.3,5.3,50/0,RTT,65,94,78,97
2018-01-03 00:52:29.440,-114.8,-10,-10.5,-1.3,5.3,50/0,RTT,65,94,78,106
2018-01-03 00:52:29.740,-114.5,-11.4,-10.2,-2,4.7,50/0,RTT,65,94,78,106
2018-01-03 00:52:30.440,-114.5,-11.4,-10.2,-2,4.7,50/0,RTT,65,94,78,96
2018-01-03 00:52:31.445,-114.5,-11.4,-10.2,-2,4.7,50/0,RTT,65,94,78,93
2018-01-03 00:52:32.410,-114.5,-11.4,-10.2,-2,4.7,50/0,RTT,65,94,78,65
2018-01-03 00:52:33.400,-114.5,-11.4,-10.2,-2,4.7,50/0,RTT,65,94,78,73
2018-01-03 00:52:34.390,-114.5,-11.4,-10.2,-2,4.7,50/0,RTT,65,94,78,61
2018-01-03 00:52:35.385,-114.5,-11.4,-10.2,-2,4.7,50/0,RTT,65,94,78,58
2018-01-03 00:52:35.515,-115,-13,-12.5,-2.2,3.9,50/0,RTT,65,94,78,58
2018-01-03 00:52:35.615,-114.8,-8.9,-14,2.1,5.7,50/0,RTT,65,94,78,58
2018-01-03 00:52:36.525,-113.8,-8.1,-11.9,5.6,6.9,50/0,RTT,65,94,78,58
2018-01-03 00:52:36.945,-110.6,-4.5,-10.1,9,9.4,50/0,RTT,65,94,78,58
2018-01-03 00:52:37.440,-110.6,-4.5,-10.1,9,9.4,50/0,RTT,65,94,78,47
2018-01-03 00:52:37.440,-110.6,-4.5,-10.1,9,9.4,50/0,RTT,65,94,78,0
2018-01-03 00:52:37.450,-110.6,-4.5,-10.1,9,9.4,51/0,RTT,65,94,78,0
2018-01-03 00:52:37.960,-109.1,-6.4,-102.8,6.4,7,51/0,RTT,65,94,78,0
2018-01-03 00:52:38.395,-109.1,-6.4,-102.8,6.4,7,51/0,RTT,65,94,78,96
2018-01-03 00:52:38.450,-106.3,-5.2,-105.4,9.3,5.9,51/0,RTT,65,94,78,96
2018-01-03 00:52:38.985,-106.6,-8.1,-101.2,10.1,8.5,51/0,RTT,65,94,78,96
2018-01-03 00:52:39.380,-106.6,-8.1,-101.2,10.1,8.5,51/0,RTT,65,94,78,79
2018-01-03 00:52:39.490,-106.2,-7,-101.7,11.4,10.5,51/0,RTT,65,94,78,79
2018-01-03 00:52:39.960,-105.3,-4,-93.7,13.7,11.7,51/0,RTT,65,94,78,79
2018-01-03 00:52:40.390,-105.3,-4,-93.7,13.7,11.7,51/0,RTT,65,94,78,92
2018-01-03 00:52:40.470,-105.3,-4.5,-105.4,11,7.7,51/0,RTT,65,94,78,92
2018-01-03 00:52:40.580,-105.8,-4.4,-107,10.5,7.2,51/0,RTT,65,94,78,92
2018-01-03 00:52:41.350,-105.8,-4.4,-107,10.5,7.2,51/0,RTT,65,94,78,52
2018-01-03 00:52:41.620,-104,-3.2,-101.3,13.1,7.7,51/0,RTT,65,94,78,52
2018-01-03 00:52:42.65,-103.7,-1.2,-105.6,13.5,6.9,51/0,RTT,65,94,78,52
2018-01-03 00:52:42.365,-103.7,-1.2,-105.6,13.5,6.9,51/0,RTT,65,94,78,61
2018-01-03 00:52:42.570,-104.9,-4.4,-106.3,12.1,6.9,51/0,RTT,65,94,78,61
2018-01-03 00:52:43.140,-105.7,-4.8,-106.8,12.1,12,51/0,RTT,65,94,78,61
2018-01-03 00:52:43.350,-105.7,-4.8,-106.8,12.1,12,51/0,RTT,65,94,78,49
2018-01-03 00:52:43.515,-105.9,-3.3,-108.9,12.5,12,51/0,RTT,65,94,78,49
2018-01-03 00:52:44.145,-106,-2.8,-109.9,12.5,13.1,51/0,RTT,65,94,78,49
2018-01-03 00:52:44.345,-106,-2.8,-109.9,12.5,13.1,51/0,RTT,65,94,78,39
2018-01-03 00:52:44.620,-105.9,-4.2,-107.8,12.4,13.4,51/0,RTT,65,94,78,39
2018-01-03 00:52:45.360,-106,-4,-100.7,12.3,13.3,51/0,RTT,65,94,78,39
2018-01-03 00:52:45.385,-106,-4,-100.7,12.3,13.3,51/0,RTT,65,94,78,78
2018-01-03 00:52:45.860,-106.1,-5.8,-107.2,10.5,11.1,51/0,RTT,65,94,78,78
2018-01-03 00:52:46.360,-106.6,-6.4,-106.9,9.7,6.4,51/0,RTT,65,94,78,78
2018-01-03 00:52:46.400,-106.6,-6.4,-106.9,9.7,6.4,51/0,RTT,65,94,78,86
2018-01-03 00:52:46.600,-107.5,-8.2,-98,9.1,6.9,51/0,RTT,65,94,78,86
2018-01-03 00:52:47.375,-102.7,-4.5,-83.1,13.4,6.9,51/0,RTT,65,94,78,86
2018-01-03 00:52:47.410,-102.7,-4.5,-83.1,13.4,6.9,51/0,RTT,65,94,78,96
2018-01-03 00:52:47.420,-102.7,-4.5,-83.1,13.4,6.9,51/0,RTT,65,94,78,0
2018-01-03 00:52:47.460,-102.7,-4.5,-83.1,13.4,6.9,52/0,RTT,65,94,78,0
2018-01-03 00:52:47.890,-104,-7.1,-89.3,11.7,4.6,52/0,RTT,65,94,78,0
2018-01-03 00:52:48.450,-104,-7.1,-89.3,11.7,4.6,52/0,RTT,65,94,78,96
2018-01-03 00:52:48.460,-103.2,-4.2,-99.8,12.3,6.1,52/0,RTT,65,94,78,96
2018-01-03 00:52:48.630,-104.1,-3.9,-104,12.9,7.9,52/0,RTT,65,94,78,96
2018-01-03 00:52:49.405,-104.1,-3.9,-104,12.9,7.9,52/0,RTT,65,94,78,55
2018-01-03 00:52:49.585,-103.4,-2.6,-101.4,13.8,8.5,52/0,RTT,65,94,78,55
2018-01-03 00:52:50.65,-103.8,-3.6,-100.9,13.2,8.2,52/0,RTT,65,94,78,55
2018-01-03 00:52:50.435,-103.8,-3.6,-100.9,13.2,8.2,52/0,RTT,65,94,78,71
2018-01-03 00:52:50.720,-103.2,-5.8,-96.3,13.8,7.4,52/0,RTT,65,94,78,71
2018-01-03 00:52:51.375,-104.6,-5,-99.9,12.9,7.9,52/0,RTT,65,94,78,71
2018-01-03 00:52:51.400,-104.6,-5,-99.9,12.9,7.9,52/0,RTT,65,94,78,53
2018-01-03 00:52:51.665,-105,-5.5,-104.5,9.7,5.8,52/0,RTT,65,94,78,53
2018-01-03 00:52:52.305,-105.6,-5.6,-97.8,11,8.9,52/0,RTT,65,94,78,53
2018-01-03 00:52:52.440,-105.6,-5.6,-97.8,11,8.9,52/0,RTT,65,94,78,92
2018-01-03 00:52:52.995,-105.8,-14,-92.7,11,9.2,52/0,RTT,65,94,78,92
2018-01-03 00:52:53.440,-105.8,-14,-92.7,11,9.2,52/0,RTT,65,94,78,91
2018-01-03 00:52:53.475,-106.1,-5.1,-106.9,11.5,9.4,52/0,RTT,65,94,78,91
2018-01-03 00:52:54.0,-105.9,-6.4,-103,11.6,9.5,52/0,RTT,65,94,78,91
2018-01-03 00:52:54.510,-105.9,-6.4,-103,11.6,9.5,52/0,RTT,65,94,78,0
2018-01-03 00:52:54.515,-105.8,-6.9,-87.3,11.9,8,52/0,RTT,65,94,78,0
